station_id,year,arome_tmin,sencrop_tmin
11426,2024,2.9,6.511962962962963
11426,2024,9.3,9.066666666666666
11426,2024,3.4,4.950723025583982
11426,2024,2.9,5.035592592592593
11426,2024,0.7,2.9785185185185186
11426,2024,1.5,2.411049314052651
11426,2024,2.3,5.2379999999999995
11426,2024,4.8,7.272222222222222
11426,2024,12.9,13.383722654801632
11426,2024,11.3,11.389555555555557
11426,2024,2.6,4.055111111111111
11426,2024,2.0,3.007029226785053
11426,2024,5.5,6.341768405475397
11426,2024,1.8,3.784814814814814
11426,2024,3.2,5.632148148148148
11426,2024,6.7,8.744
11426,2024,8.2,10.717869034406217
11426,2024,5.7,6.071111111111112
11426,2024,10.2,9.801965146459027
11426,2024,9.6,8.901777777777777
11426,2024,4.6,5.844222222222223
11426,2024,8.6,8.349296296296297
11426,2024,2.5,5.496666666666666
11426,2024,3.7,4.762338142804291
11426,2024,0.7,2.2812592592592593
11426,2024,7.2,7.399592139414164
11426,2024,4.4,6.1829629629629625
11426,2024,7.8,7.466666666666666
11426,2024,5.5,5.81616611049314
11426,2024,7.3,8.71160548757879
11426,2024,4.0,6.854074074074075
11426,2024,10.0,9.40500556173526
11426,2024,4.7,5.517222222222222
11426,2024,3.0,4.579629629629629
11426,2024,2.6,3.9033333333333338
11426,2024,0.4,1.4703333333333333
11426,2024,4.1,8.071518518518518
11426,2024,9.2,9.606333333333334
11426,2024,7.4,7.506067332593414
11426,2024,5.2,5.790455049944507
11426,2024,6.3,6.863555555555555
11426,2024,6.4,7.738475767665557
11426,2024,4.6,7.382222222222222
11426,2024,5.3,8.329555555555556
11426,2024,7.8,11.066666666666668
11426,2024,7.2,8.268814814814814
11426,2024,9.6,10.260845383759731
11426,2024,8.2,10.509121245828698
11426,2024,6.7,9.857185185185184
11426,2024,7.4,9.504888888888887
11426,2024,10.9,12.606555555555556
11426,2024,9.7,10.750888888888888
11426,2024,4.7,7.338814814814815
11426,2024,1.6,4.321777777777777
11426,2024,7.7,8.16069707081943
11426,2024,4.0,3.667777777777778
11426,2024,8.5,8.767592592592592
11426,2024,13.5,14.18878648233487
11426,2024,16.1,14.921365554276946
11426,2024,10.5,10.794009216589862
11426,2024,7.2,8.39411111111111
11426,2024,6.2,7.579448621553887
11426,2024,9.4,11.073888888888888
11426,2024,7.4,9.866518518518518
11426,2024,8.6,11.133333333333333
11426,2024,7.6,10.552830188679245
11426,2024,9.8,13.070888888888888
11426,2024,10.8,13.05613644790508
11426,2024,9.4,9.338450129773822
11426,2024,8.3,7.845555555555555
11426,2024,8.1,8.466666666666667
11426,2024,8.6,10.709333333333332
11426,2024,10.3,13.08562962962963
11426,2024,11.1,13.991397849462366
11426,2024,10.4,13.131037037037038
11426,2024,11.4,11.6
11426,2024,7.2,7.036
11426,2024,5.9,5.977111111111112
11426,2024,5.1,5.177999999999999
11426,2024,8.1,8.454444444444444
11426,2024,5.0,5.111111111111112
11426,2024,4.3,3.643951165371809
11426,2024,5.2,4.377530589543937
11426,2024,6.0,5.466666666666666
11426,2024,4.3,4.2652222222222225
11426,2024,9.6,10.77545420837968
11426,2024,10.8,10.272666666666666
11426,2024,13.1,13.012689604143546
11426,2024,11.6,11.010222222222222
11426,2024,12.5,11.568888888888887
11426,2024,13.8,12.503188728216536
11426,2025,3.4,4.018205413422321
11426,2025,2.1,2.7515353311135775
11426,2025,0.7,1.4625185185185186
11426,2025,-0.5,-0.2692592592592592
11426,2025,-0.4,-0.3702632554690396
11426,2025,1.5,0.808
11426,2025,0.5,0.3074814814814814
11426,2025,9.2,9.366666666666667
11426,2025,2.0,3.1244913059563446
11426,2025,7.0,7.758934517203108
11426,2025,9.3,10.139636633296254
11426,2025,9.5,9.502558398220245
11426,2025,7.4,8.666666666666666
11426,2025,5.9,4.127376988531262
11426,2025,-0.7,-1.3404894327030032
11426,2025,1.0,1.8283333333333336
11426,2025,1.8,2.7050740740740737
11426,2025,2.2,3.9625555555555554
11426,2025,6.8,8.70604375231739
11426,2025,8.2,9.33851851851852
11426,2025,5.0,6.497111111111111
11426,2025,11.5,12.36330003699593
11426,2025,9.7,9.423555555555552
11426,2025,7.0,7.790396737115313
11426,2025,8.7,9.12406377456433
11426,2025,5.9,5.460444444444445
11426,2025,2.2,1.5931111111111111
11426,2025,4.6,4.979555555555557
11426,2025,1.9,3.241777777777778
11426,2025,2.5,3.1303333333333327
11426,2025,2.5,3.7784444444444447
11426,2025,3.0,4.277333333333333
11426,2025,3.2,5.274074074074074
11426,2025,4.3,6.435925925925927
11426,2025,4.3,8.14725925925926
11426,2025,9.4,10.78711111111111
11426,2025,12.4,12.613333333333332
11426,2025,9.7,9.790222222222225
11426,2025,6.4,7.928888888888889
11426,2025,7.6,8.075555555555555
11426,2025,5.9,5.27237037037037
11426,2025,3.9,4.705481481481482
11426,2025,2.4,3.1744358120606733
11426,2025,-0.5,1.1123936366999632
11426,2025,1.0,2.052666666666666
11426,2025,2.3,4.262217278457546
11426,2025,2.9,4.879319274879763
11426,2025,5.0,7.129333333333333
11426,2025,6.7,7.594968553459119
11426,2025,12.3,13.666666666666666
11426,2025,5.9,7.129999999999999
11426,2025,7.6,7.466666666666666
11426,2025,5.9,6.065222222222222
11426,2025,9.4,9.472
11426,2025,8.6,8.966666666666667
11426,2025,5.5,8.47
11426,2025,9.2,8.666666666666668
11426,2025,8.5,7.968516463189048
11426,2025,10.8,10.339037037037038
11426,2025,4.9,5.933333333333334
11426,2025,6.9,8.66311111111111
11426,2025,9.6,10.330740740740742
11426,2025,8.5,9.317426770485726
11426,2025,10.0,11.658657767890247
11426,2025,8.5,11.33688888888889
11426,2025,9.9,11.166555555555554
11426,2025,9.0,8.566666666666666
11426,2025,10.5,11.234074074074076
11426,2025,9.3,10.466518682944876
11426,2025,7.7,9.7684794672586
11426,2025,8.9,10.170666666666666
11426,2025,13.2,13.965333333333334
11426,2025,12.4,12.166185185185183
11426,2025,13.0,12.767296296296296
11426,2025,12.1,11.102222222222222
11426,2025,8.4,8.236888888888888
11426,2025,5.4,5.836225435669262
11426,2025,8.8,10.501037037037037
11426,2025,11.3,11.56896551724138
11426,2025,8.6,9.738370370370369
11426,2025,9.3,10.566666666666666
11426,2025,12.1,11.466666666666669
11426,2025,9.2,8.96211111111111
11426,2025,11.1,10.634962962962964
11426,2025,9.2,8.445504994450609
11426,2025,12.3,12.561222222222224
11426,2025,9.9,10.650333333333332
11426,2025,11.5,12.32925925925926
11426,2025,10.6,11.460437523173898
11426,2025,14.4,11.453555555555557
11535,2024,3.0,1.2477196885428254
11535,2024,10.3,9.764222222222225
11535,2024,8.0,7.566666666666666
11535,2024,6.0,5.300000000000001
11535,2024,4.1,4.264961067853171
11535,2024,0.2,-1.8475555555555556
11535,2024,6.1,6.913703703703703
11535,2024,4.8,4.813830181683351
11535,2024,12.4,12.499925843529848
11535,2024,10.8,10.71351851851852
11535,2024,2.0,0.9000000000000001
11535,2024,1.2,-0.711074074074074
11535,2024,6.9,6.93288888888889
11535,2024,1.3,-0.172
11535,2024,2.6,1.2459859415464298
11535,2024,4.5,3.4584074074074067
11535,2024,10.9,10.280059193488716
11535,2024,9.6,9.122777777777776
11535,2024,10.9,10.385867554568998
11535,2024,9.9,9.535444444444446
11535,2024,6.6,4.292999999999999
11535,2024,8.5,8.34614814814815
11535,2024,3.7,2.625305216426193
11535,2024,1.0,-0.6488888888888891
11535,2024,-0.9,-1.9401557285873192
11535,2024,6.0,5.828412874583795
11535,2024,3.4,2.2196296296296296
11535,2024,8.3,8.009703703703703
11535,2024,6.9,6.628148148148149
11535,2024,5.8,5.461555555555555
11535,2024,3.5,1.528861330326945
11535,2024,9.4,8.69062962962963
11535,2024,4.1,3.628
11535,2024,4.5,5.199999999999999
11535,2024,4.0,3.9726666666666666
11535,2024,2.8,2.320865704772475
11535,2024,2.6,0.8193333333333332
11535,2024,8.4,9.91777777777778
11535,2024,7.6,7.159748427672957
11535,2024,5.4,5.574
11535,2024,6.8,7.301037037037037
11535,2024,8.4,8.642592592592592
11535,2024,4.3,2.924084350721421
11535,2024,5.8,4.0
11535,2024,6.1,4.024805339265851
11535,2024,8.4,8.30111234705228
11535,2024,10.5,9.667407407407406
11535,2024,11.0,11.598962962962965
11535,2024,6.9,5.378666666666667
11535,2024,8.3,7.274592592592593
11535,2024,13.9,12.633333333333333
11535,2024,11.2,11.666666666666666
11535,2024,5.8,3.730666666666666
11535,2024,4.8,3.938148148148148
11535,2024,8.7,8.107555555555555
11535,2024,4.2,3.722358175750835
11535,2024,7.7,7.851909529106416
11535,2024,12.0,13.289877641824251
11535,2024,12.9,11.90725925925926
11535,2024,10.6,10.823507601038193
11535,2024,7.3,7.321357063403783
11535,2024,6.5,4.973732889382168
11535,2024,9.8,9.673629629629628
11535,2024,7.2,5.633333333333332
11535,2024,8.1,7.254814814814814
11535,2024,7.6,5.49322974472808
11535,2024,10.4,8.800185185185185
11535,2024,10.5,8.739955604883463
11535,2024,9.3,8.271703703703704
11535,2024,8.1,7.438042269187987
11535,2024,9.2,9.166666666666666
11535,2024,13.2,12.704666666666666
11535,2024,13.0,10.397814814814817
11535,2024,10.6,7.937152391546164
11535,2024,10.9,9.690296296296296
11535,2024,11.1,10.654666666666664
11535,2024,7.8,7.4393636699963
11535,2024,6.4,5.836884942656307
11535,2024,6.2,5.919333333333334
11535,2024,9.3,8.261777777777777
11535,2024,6.1,5.5114074074074075
11535,2024,4.4,4.5
11535,2024,5.5,4.611037037037036
11535,2024,5.9,5.716333333333333
11535,2024,5.9,4.936403995560488
11535,2024,9.7,9.28420467185762
11535,2024,10.0,10.18661475713756
11535,2024,13.2,13.282093969663336
11535,2024,11.4,11.181871994080652
11535,2024,11.6,10.371666666666668
11535,2024,13.6,11.186518518518518
11535,2025,4.0,3.4063032999629224
11535,2025,3.9,3.669777777777778
11535,2025,3.3,3.2517573066962626
11535,2025,2.3,1.189173155357805
11535,2025,2.1,0.7325185185185186
11535,2025,3.8,4.157148148148148
11535,2025,-2.2,-4.204444444444444
11535,2025,8.5,8.94051851851852
11535,2025,3.4,3.899999999999999
11535,2025,7.2,7.099999999999999
11535,2025,7.9,7.086570477247503
11535,2025,8.3,8.003188728216536
11535,2025,8.9,8.263777777777776
11535,2025,5.1,4.925732295142751
11535,2025,0.7,-0.2023333333333333
11535,2025,-1.5,-3.0686666666666667
11535,2025,4.7,4.966666666666667
11535,2025,0.4,-1.2681465038845727
11535,2025,7.2,6.895999999999999
11535,2025,7.8,8.910789766407119
11535,2025,5.0,3.691934887162412
11535,2025,11.1,10.966185719570849
11535,2025,9.5,9.233333333333333
11535,2025,5.1,4.3
11535,2025,8.0,8.5
11535,2025,6.5,6.067111111111112
11535,2025,1.9,2.234742306266222
11535,2025,5.4,5.355222222222223
11535,2025,4.1,3.988444444444444
11535,2025,4.1,3.8682222222222222
11535,2025,1.5,-1.2333333333333334
11535,2025,1.1,-1.0869034406215317
11535,2025,0.6,-2.0095079541250462
11535,2025,0.6,-0.036
11535,2025,2.3,0.5512791991101222
11535,2025,6.4,6.4062222222222225
11535,2025,9.8,9.742222222222225
11535,2025,8.8,7.268186874304783
11535,2025,7.6,6.115555555555556
11535,2025,8.1,7.9875185185185185
11535,2025,4.3,3.208176100628931
11535,2025,4.1,4.525333333333333
11535,2025,3.5,3.239685185185184
11535,2025,-1.4,-2.4386666666666663
11535,2025,3.3,2.660555555555556
11535,2025,1.4,-0.7607777777777778
11535,2025,1.3,-0.2053644099149093
11535,2025,5.3,5.151222222222222
11535,2025,6.6,5.65337037037037
11535,2025,11.6,11.353111111111112
11535,2025,7.6,7.793599704032557
11535,2025,8.2,7.865665554319615
11535,2025,5.5,2.5136296296296297
11535,2025,10.7,10.921481481481482
11535,2025,10.0,9.974620791712912
11535,2025,9.9,9.942
11535,2025,13.1,12.882037037037035
11535,2025,12.1,11.266666666666666
11535,2025,9.0,8.782167961524234
11535,2025,6.7,6.615592592592591
11535,2025,8.4,8.423666666666668
11535,2025,11.1,10.552830188679245
11535,2025,10.1,8.514
11535,2025,12.4,11.20325925925926
11535,2025,13.5,12.563703703703702
11535,2025,10.2,9.41314814814815
11535,2025,11.6,11.298776418242491
11535,2025,11.1,10.86989247311828
11535,2025,13.4,12.848555555555556
11535,2025,9.8,7.856925925925926
11535,2025,10.6,8.566666666666666
11535,2025,10.0,8.465111111111112
11535,2025,14.8,8.51850203930293
12534,2024,4.3,4.868518518518518
12534,2024,8.8,7.803925925925926
12534,2024,4.1,4.608148148148147
12534,2024,3.8,5.133333333333334
12534,2024,2.0,3.049148148148148
12534,2024,3.1,5.827555555555556
12534,2024,3.1,3.616111111111111
12534,2024,6.4,6.274111111111111
12534,2024,11.6,10.684649610678528
12534,2024,10.8,9.756159822419535
12534,2024,3.3,4.216444444444445
12534,2024,2.3,2.217111111111111
12534,2024,5.4,5.0925268220495745
12534,2024,5.0,5.354060066740823
12534,2024,5.6,5.960451350351461
12534,2024,7.2,7.341185185185185
12534,2024,8.4,9.176544580096188
12534,2024,5.8,5.312740740740741
12534,2024,9.8,8.68388888888889
12534,2024,8.8,7.985925925925926
12534,2024,4.9,4.852296296296296
12534,2024,7.9,7.110987791342952
12534,2024,3.3,4.059111111111111
12534,2024,3.0,2.5116666666666663
12534,2024,0.9,0.9079911209766928
12534,2024,6.9,5.644814814814814
12534,2024,5.3,5.740341119762699
12534,2024,7.0,6.370925925925927
12534,2024,4.7,4.887
12534,2024,7.6,8.148888888888889
12534,2024,3.8,4.0496485386607475
12534,2024,8.1,7.555111111111112
12534,2024,4.4,4.142602892102335
12534,2024,3.8,3.385555555555556
12534,2024,3.6,3.952016278209397
12534,2024,1.3,1.5
12534,2024,6.0,5.146984831668516
12534,2024,8.9,7.900000000000001
12534,2024,6.0,5.65778764335923
12534,2024,5.4,4.7477196885428254
12534,2024,6.1,6.261222222222223
12534,2024,6.8,6.589185185185185
12534,2024,7.0,7.239148148148148
12534,2024,7.2,6.872364039955605
12534,2024,8.1,10.754074074074076
12534,2024,8.6,7.652333333333333
12534,2024,10.3,9.488161302256753
12534,2024,9.3,9.636851851851851
12534,2024,7.9,8.909185185185184
12534,2024,9.0,8.51228264890862
12534,2024,11.1,10.241925925925928
12534,2024,9.6,10.266666666666667
12534,2024,5.3,6.282666666666666
12534,2024,3.1,2.724802867383513
12534,2024,7.6,7.599999999999999
12534,2024,3.0,2.6934000741564703
12534,2024,7.5,6.346014089729329
12534,2024,13.0,12.266666666666666
12534,2024,15.8,14.940708915145006
12534,2024,9.4,9.140222222222222
12534,2024,7.4,7.241777777777778
12534,2024,6.1,5.736363636363636
12534,2024,9.3,9.785777777777778
12534,2024,8.5,7.977884958913897
12534,2024,10.2,11.744888888888887
12534,2024,8.9,11.66151851851852
12534,2024,10.9,11.833259341472438
12534,2024,12.2,12.018020022246942
12534,2024,8.6,7.954888888888889
12534,2024,7.6,6.915185185185186
12534,2024,6.7,7.023025583982203
12534,2024,9.1,9.16222222222222
12534,2024,12.6,12.846888888888891
12534,2024,13.3,13.70832408435072
12534,2024,13.2,12.446296296296296
12534,2024,10.4,10.201185185185183
12534,2024,6.4,5.835335558027439
12534,2024,5.5,4.925740740740741
12534,2024,3.3,3.065185185185185
12534,2024,8.1,7.225064886911384
12534,2024,4.1,3.4671111111111106
12534,2024,3.1,2.750425453200147
12534,2024,4.2,3.440748980348536
12534,2024,5.1,4.626222222222222
12534,2024,3.8,2.6724444444444444
12534,2024,8.8,8.593333333333335
12534,2024,10.0,8.637259259259258
12534,2024,12.1,11.924296296296294
12534,2024,10.8,10.0
12534,2024,12.1,11.493266740658528
12534,2024,12.7,11.390751017388087
12534,2025,2.9,2.517333333333333
12534,2025,2.3,2.0477777777777777
12534,2025,0.3,-0.2296996662958842
12534,2025,0.4,-1.3842788283277714
12534,2025,0.1,-0.1727407407407407
12534,2025,1.0,0.2699999999999999
12534,2025,1.3,2.3913978494623658
12534,2025,8.7,8.081111111111111
12534,2025,2.9,2.859100998890122
12534,2025,7.2,6.685516093229745
12534,2025,8.9,8.35811111111111
12534,2025,8.7,7.983351831298557
12534,2025,7.7,7.45400444938821
12534,2025,5.2,4.5922222222222215
12534,2025,-1.3,-2.685111111111111
12534,2025,1.3,1.914444444444444
12534,2025,1.9,2.1631851851851853
12534,2025,2.2,2.5663888888888886
12534,2025,6.5,8.1
12534,2025,7.7,8.103055555555555
12534,2025,4.9,5.014444444444445
12534,2025,10.4,11.65722222222222
12534,2025,9.1,8.734204671857619
12534,2025,7.3,7.352552719200888
12534,2025,8.0,8.159555555555555
12534,2025,5.3,5.0
12534,2025,2.8,1.7534444444444444
12534,2025,3.4,4.069333333333333
12534,2025,1.3,1.7433962264150944
12534,2025,1.7,2.011111111111111
12534,2025,4.3,4.136440991490936
12534,2025,4.1,3.6439141694413615
12534,2025,4.9,4.598224195338513
12534,2025,4.9,5.910122358175752
12534,2025,5.7,7.704925925925925
12534,2025,9.6,10.03774074074074
12534,2025,12.2,11.39555061179088
12534,2025,8.1,5.899332591768633
12534,2025,7.3,5.864018518518519
12534,2025,7.5,6.648666666666666
12534,2025,5.5,4.239992600813911
12534,2025,3.3,3.4333333333333336
12534,2025,2.6,2.4
12534,2025,-0.0,0.1325555555555555
12534,2025,0.8,0.39962921764924
12534,2025,2.4,3.1377407407407407
12534,2025,2.5,3.2999999999999994
12534,2025,5.9,5.776777777777777
12534,2025,7.8,7.836670374490175
12534,2025,11.1,12.164777777777775
12534,2025,6.3,5.652219755826859
12534,2025,7.3,6.2524444444444445
12534,2025,6.0,4.752666666666667
12534,2025,8.1,7.835331113577506
12534,2025,7.1,7.53021876158695
12534,2025,6.5,7.141361450240473
12534,2025,8.2,7.202444444444445
12534,2025,7.3,7.1257693733778265
12534,2025,9.9,9.531516499814607
12534,2025,5.1,4.501777777777778
12534,2025,7.4,6.341675936225435
12534,2025,9.7,10.367555555555557
12534,2025,8.8,8.89239896180942
12534,2025,10.2,10.02741398446171
12534,2025,10.0,10.155826859045504
12534,2025,9.9,9.862666666666666
12534,2025,8.1,5.753777777777778
12534,2025,10.2,9.807103218645947
12534,2025,9.7,9.895
12534,2025,8.3,7.859333333333334
12534,2025,9.5,8.065871254162042
12534,2025,12.0,12.302558398220246
12534,2025,11.7,11.25
12534,2025,12.2,11.75
12534,2025,11.0,9.45
12534,2025,7.7,7.101257861635219
12534,2025,4.9,5.032851851851852
12534,2025,11.3,10.232
12534,2025,10.9,10.064998146088248
12534,2025,9.1,7.063811642565813
12534,2025,9.8,9.499777777777776
12534,2025,10.6,9.433925925925925
12534,2025,8.6,8.050222222222223
12534,2025,9.9,8.933333333333332
12534,2025,9.3,7.400444444444446
12534,2025,12.0,11.501035886052534
12534,2025,10.2,9.049444444444443
12534,2025,11.4,11.032035595105674
12534,2025,11.0,10.798520162782095
12534,2025,14.4,11.039444444444444
13260,2024,4.6,5.643344097595981
13260,2024,1.7,2.422541140451588
13260,2024,6.8,7.333333333333332
13260,2024,1.1,1.7999999999999998
13260,2024,3.7,3.8662835249042145
13260,2024,9.1,9.934
13260,2024,12.8,14.144666666666666
13260,2024,7.1,6.911481481481482
13260,2024,5.2,5.365333333333333
13260,2024,4.9,4.432939914163091
13260,2024,6.7,8.036175115207373
13260,2024,6.8,8.633082975679542
13260,2024,9.1,10.176666666666666
13260,2024,11.2,12.090174267704858
13260,2024,12.4,13.214946355900851
13260,2024,13.3,14.980444444444444
13260,2024,6.9,7.53911111111111
13260,2024,6.2,6.936636971046772
13260,2024,4.3,4.993185185185185
13260,2024,8.9,10.278
13260,2024,11.4,14.179444444444444
13260,2024,12.5,14.97851851851852
13260,2024,10.1,12.37774074074074
13260,2024,8.7,9.597293288839449
13260,2024,4.5,5.253777777777778
13260,2024,3.5,3.899999999999999
13260,2024,0.4,1.2812638580931262
13260,2024,6.9,8.10677025527192
13260,2024,1.4,2.340111111111111
13260,2024,0.3,1.4116666666666666
13260,2024,0.7,1.8939562476826104
13260,2024,2.1,4.260975609756098
13260,2024,1.1,3.25
13260,2024,5.8,7.403333333333334
13260,2024,7.3,6.766666666666667
13260,2024,9.9,10.34311111111111
13260,2024,8.5,9.161957730812013
13260,2024,10.5,12.234185185185185
13260,2024,10.1,10.437629629629631
13260,2025,2.3,2.3666666666666667
13260,2025,1.0,1.8894814814814815
13260,2025,-1.6,1.7332591768631815
13260,2025,0.5,3.098666666666667
13260,2025,0.0,2.073971078976641
13260,2025,1.0,1.7690423162583515
13260,2025,0.5,4.104333333333333
13260,2025,5.1,5.931182795698926
13260,2025,1.9,2.576195773081201
13260,2025,4.2,5.4399999999999995
13260,2025,6.0,6.557508342602892
13260,2025,6.4,7.363082039911308
13260,2025,5.4,6.658148148148148
13260,2025,4.1,5.05837037037037
13260,2025,-1.5,-0.9171851851851852
13260,2025,-0.4,2.4
13260,2025,1.7,3.925777777777778
13260,2025,-0.2,2.243555555555555
13260,2025,3.2,5.8810370370370375
13260,2025,6.1,6.160089186176142
13260,2025,4.0,4.21339252682205
13260,2025,8.4,9.39462962962963
13260,2025,7.0,7.713651498335182
13260,2025,4.6,5.372549019607844
13260,2025,4.9,6.0
13260,2025,3.3,4.913978494623656
13260,2025,0.8,3.2435328898743525
13260,2025,1.0,3.0479999999999996
13260,2025,-0.1,2.043207126948775
13260,2025,0.9,2.9132369299221357
13260,2025,-0.1,4.431479421579533
13260,2025,2.0,4.895074074074074
13260,2025,2.1,5.055444444444445
13260,2025,2.5,5.8
13260,2025,4.3,5.606518518518519
13260,2025,7.0,8.572660007399186
13260,2025,9.4,9.46385185185185
13260,2025,5.4,6.333333333333333
13260,2025,5.1,5.4178148148148155
13260,2025,5.4,6.060679970436068
13260,2025,3.1,3.594666666666667
13260,2025,2.0,2.9174074074074072
13260,2025,1.4,2.1320740740740742
13260,2025,-1.5,-1.1162031887282169
13260,2025,-1.1,0.3163333333333333
13260,2025,1.1,4.167482387838339
13260,2025,4.4,5.215888888888889
13260,2025,4.4,5.3833888272290045
13260,2025,8.7,8.816759156492786
13260,2025,9.3,10.316888888888888
13260,2025,4.1,4.601560758082497
13260,2025,5.3,5.1590841675936225
13260,2025,3.4,4.716035634743875
13260,2025,4.9,7.063851851851852
13260,2025,4.4,6.849185185185185
13260,2025,3.6,6.10437523173897
13260,2025,5.1,7.666666666666666
13260,2025,4.7,6.791370370370371
13260,2025,6.8,9.161333333333337
13260,2025,3.6,5.323518518518519
13260,2025,4.1,5.733333333333334
13260,2025,8.1,9.533333333333331
13260,2025,7.0,9.082720178372352
13260,2025,7.7,10.0
13260,2025,7.6,10.566999999999998
13260,2025,7.1,7.332000000000001
13260,2025,4.7,5.470888888888889
13260,2025,7.1,8.456555555555555
13260,2025,7.0,7.328333333333335
13260,2025,5.7,7.585333333333332
13260,2025,7.1,7.71511111111111
13260,2025,10.7,12.119296296296296
13260,2025,9.3,10.572135994087212
13260,2025,10.4,10.699999999999998
13260,2025,8.0,8.172592592592592
13260,2025,6.0,5.774111111111111
13260,2025,3.0,3.600444938820912
13260,2025,9.2,9.4330737856878
13260,2025,8.9,9.780666666666669
13260,2025,5.1,5.740460282108389
13260,2025,7.8,8.934742306266221
13260,2025,7.3,8.274074074074074
13260,2025,7.8,8.154222222222222
13260,2025,6.4,7.535449146250928
13260,2025,6.6,9.033333333333331
13260,2025,10.1,9.720666666666666
13260,2025,8.2,8.85817575083426
13260,2025,8.7,10.316
13260,2025,9.4,12.300000000000002
13260,2025,12.5,12.142444444444443
15926,2024,1.6,0.0798888888888889
15926,2024,4.3,3.593325917686318
15926,2024,3.7,-0.0269629629629629
15926,2024,2.6,0.7795555555555557
15926,2024,3.2,1.279421579532814
15926,2024,3.7,-1.1583982202447165
15926,2024,0.4,-2.4365962180200227
15926,2024,4.3,2.3635960044395117
15926,2024,10.9,9.679674796747967
15926,2024,8.7,7.991546162402669
15926,2024,3.1,2.2494444444444444
15926,2024,0.8,-0.9333333333333332
15926,2024,2.8,0.7662597114317424
15926,2024,2.3,-0.9773942093541202
15926,2024,4.5,0.3590909090909091
15926,2024,5.6,2.5107658157602666
15926,2024,5.2,6.311851851851852
15926,2024,2.6,1.1769487750556793
15926,2024,6.3,6.4868148148148155
15926,2024,7.3,8.077691453940067
15926,2024,2.9,1.0156296296296297
15926,2024,6.5,6.015703703703704
15926,2024,2.7,0.3949177877428999
15926,2024,1.0,-0.904
15926,2024,0.4,-3.233333333333333
15926,2024,6.3,5.724833702882483
15926,2024,3.5,3.6
15926,2024,5.0,6.950444444444444
15926,2024,1.6,1.5253333333333334
15926,2024,5.6,5.050055493895671
15926,2024,2.3,-0.9506666666666664
15926,2024,7.1,6.487277777777778
15926,2024,3.2,3.1398518518518523
15926,2024,2.6,1.0479910714285716
15926,2024,2.5,3.1693333333333333
15926,2024,-0.3,-2.8125925925925923
15926,2024,4.3,3.754814814814815
15926,2024,5.3,5.269296296296297
15926,2024,5.2,4.173140954495006
15926,2024,4.7,3.616518518518518
15926,2024,4.8,4.018181818181818
15926,2024,4.2,4.275185185185186
15926,2024,4.5,2.1274444444444445
15926,2024,5.6,4.751703703703704
15926,2024,6.9,4.483092324805339
15926,2024,6.0,3.2349981502034773
15926,2024,9.3,7.7580370370370355
15926,2024,6.4,5.332259259259259
15926,2024,7.2,4.28037037037037
15926,2024,7.1,5.589444444444444
15926,2024,7.6,6.271476137624861
15926,2024,7.2,4.84762962962963
15926,2024,4.0,0.5286666666666666
15926,2024,1.3,-1.0827956989247314
15926,2024,9.3,8.216629711751663
15926,2024,2.6,1.2121380846325167
15926,2024,4.5,6.18829431438127
15926,2024,10.1,10.659111111111113
15926,2024,15.0,16.1
15926,2024,8.2,6.980180180180181
15926,2024,6.2,5.796185185185185
15926,2024,4.0,2.5264444444444445
15926,2024,8.0,8.110037037037037
15926,2024,7.0,4.083832778394377
15926,2024,9.8,7.769333333333334
15926,2024,11.8,11.174610244988864
15926,2024,13.0,8.789814814814816
15926,2024,14.1,11.504444444444449
15926,2024,8.2,7.461487236403997
15926,2024,6.8,7.343655197928228
15926,2024,3.3,3.9703703703703703
15926,2024,6.9,3.7769259259259265
15926,2024,11.6,6.5
15926,2024,12.3,6.473288938216797
15926,2024,12.0,6.631479421579533
15926,2024,9.6,9.036363636363635
15926,2024,5.3,4.358888888888889
15926,2024,3.2,3.1729629629629628
15926,2024,1.1,1.558490566037736
15926,2024,7.7,6.66363300036996
15926,2024,2.0,1.0589543937708568
15926,2024,1.1,0.0914814814814815
15926,2024,1.8,2.9551851851851856
15926,2024,3.9,4.643900630329997
15926,2024,1.8,0.6330743618201997
15926,2024,6.3,6.900000000000001
15926,2024,8.0,8.833259176863182
15926,2024,11.8,12.4
15926,2024,9.5,9.898891352549889
15926,2024,10.4,8.432519422863486
15926,2024,11.8,8.366222222222223
15926,2025,1.2,1.1
15926,2025,1.2,-0.9411221853082316
15926,2025,-0.6,-3.937661857195708
15926,2025,0.5,-3.963555555555556
15926,2025,0.4,-3.631103678929766
15926,2025,-2.2,-4.603218645948945
15926,2025,1.7,-3.3974472807991125
15926,2025,6.4,7.1979999999999995
15926,2025,2.0,1.3
15926,2025,4.6,4.567258601553829
15926,2025,7.0,6.933036707452726
15926,2025,6.3,8.166666666666668
15926,2025,6.1,5.977703703703703
15926,2025,3.9,3.733999999999999
15926,2025,-2.3,-5.024074074074075
15926,2025,-0.6,-3.8324084350721415
15926,2025,1.4,-1.7107169253510717
15926,2025,0.5,-2.5799999999999996
15926,2025,3.0,3.091362126245847
15926,2025,6.3,6.345555555555556
15926,2025,3.1,1.791352549889135
15926,2025,8.0,10.968708240534522
15926,2025,6.7,7.200000000000001
15926,2025,4.6,3.6029629629629625
15926,2025,4.6,4.561931187569368
15926,2025,4.2,1.9923333333333333
15926,2025,1.6,-1.810173880873104
15926,2025,0.9,0.1396436525612472
15926,2025,-0.6,-2.7000000000000006
15926,2025,0.7,-2.5804444444444448
15926,2025,1.5,-1.7983667409057165
15926,2025,2.6,-1.888740740740741
15926,2025,2.0,-2.204032556418794
15926,2025,1.8,-2.0237193763919823
15926,2025,1.8,-1.376259259259259
15926,2025,5.1,6.686333333333333
15926,2025,8.6,10.357333333333331
15926,2025,5.9,6.109438870308434
15926,2025,5.2,5.307703703703703
15926,2025,6.5,5.856288088642659
15926,2025,3.6,2.3
15926,2025,1.8,1.3999999999999997
15926,2025,1.4,2.4
15926,2025,-1.1,-3.5455555555555565
15926,2025,-1.5,-3.745957918050941
15926,2025,2.0,-1.6731924360400443
15926,2025,3.1,6.0265850945495
15926,2025,4.2,3.4062222222222216
15926,2025,8.3,6.594222222222222
15926,2025,11.1,11.199999999999998
15926,2025,4.7,3.4174074074074072
15926,2025,6.1,5.752000000000001
15926,2025,3.7,1.348387096774193
15926,2025,5.0,5.128745837957824
15926,2025,3.8,4.575925925925926
15926,2025,3.0,1.9236666666666664
15926,2025,6.5,8.249389567147613
15926,2025,4.8,7.400185391175381
15926,2025,8.9,9.125
15926,2025,2.3,0.6076127124907612
15926,2025,4.3,1.3155012948575655
15926,2025,7.2,7.792976588628761
15926,2025,6.7,4.277777777777778
15926,2025,7.4,6.898222222222221
15926,2025,7.0,4.026577579806978
15926,2025,6.7,3.4813867259918427
15926,2025,3.9,1.176111111111111
15926,2025,7.9,6.958788554440727
15926,2025,6.9,4.576333333333333
15926,2025,6.6,3.2471111111111117
15926,2025,7.3,4.645296296296296
15926,2025,12.7,12.699999999999998
15926,2025,11.4,11.0
15926,2025,11.6,11.322691879866522
15926,2025,9.5,8.625666666666667
15926,2025,6.6,7.0
15926,2025,3.0,2.109677419354839
15926,2025,9.9,9.832075471698111
15926,2025,10.0,11.05711111111111
15926,2025,6.5,3.333518930957683
15926,2025,7.3,5.118518518518519
15926,2025,6.8,5.774037037037037
15926,2025,7.3,7.212
15926,2025,6.5,6.1508713385242855
15926,2025,6.3,4.166666666666667
15926,2025,10.8,10.121579532814238
15926,2025,8.3,5.900000000000001
15926,2025,8.3,6.521420643729189
15926,2025,10.1,6.3787777777777785
15926,2025,13.2,7.321111111111112
14711,2024,2.9,5.479111111111111
14711,2024,8.0,8.65488888888889
14711,2024,5.8,6.427777777777778
14711,2024,5.7,7.183259259259259
14711,2024,1.9,4.4704772475027745
14711,2024,2.6,6.418888888888889
14711,2024,3.0,4.3420000000000005
14711,2024,5.5,6.578222222222223
14711,2024,12.5,10.359176863181313
14711,2024,10.6,9.48725925925926
14711,2024,2.3,4.0
14711,2024,1.4,3.3157407407407407
14711,2024,5.4,5.945383759733035
14711,2024,4.9,4.3
14711,2024,5.2,5.531631520532741
14711,2024,6.2,7.748390677025528
14711,2024,7.1,10.860851851851852
14711,2024,6.1,6.69274074074074
14711,2024,10.7,10.0
14711,2024,9.5,8.633
14711,2024,7.1,6.333259341472438
14711,2024,8.2,7.211407407407407
14711,2024,3.7,4.09748427672956
14711,2024,1.9,2.1885925925925926
14711,2024,0.5,0.3386666666666666
14711,2024,6.9,6.3767407407407415
14711,2024,5.2,6.730864197530863
14711,2024,7.6,7.714126807563959
14711,2024,5.0,6.692213570634038
14711,2024,7.9,8.785090640029598
14711,2024,4.2,3.21837037037037
14711,2024,9.5,7.873777777777779
14711,2024,5.2,4.790000000000001
14711,2024,4.1,5.0248888888888885
14711,2024,4.8,3.91354051054384
14711,2024,2.6,2.438222222222222
14711,2024,4.9,6.564148148148149
14711,2024,8.7,7.5
14711,2024,6.9,4.786940436551979
14711,2024,5.3,5.039555555555555
14711,2024,7.6,6.020444444444444
14711,2024,6.1,7.760259259259261
14711,2024,6.5,7.119111111111112
14711,2024,6.6,7.5074444444444435
14711,2024,7.9,10.459
14711,2024,9.7,9.023666666666667
14711,2024,10.2,9.772296296296297
14711,2024,9.7,10.261185185185184
14711,2024,8.5,8.442046718576195
14711,2024,9.0,9.647444444444444
14711,2024,10.6,11.87162962962963
14711,2024,9.6,8.213333333333333
14711,2024,5.4,5.579851851851852
14711,2024,5.0,4.613111111111111
14711,2024,8.7,8.443666666666667
14711,2024,3.4,2.888124306326304
14711,2024,6.3,6.67760474601409
14711,2024,11.8,12.185148148148148
14711,2024,13.4,11.65511111111111
14711,2024,10.3,9.275185185185183
14711,2024,8.1,7.154505005561734
14711,2024,6.3,6.690370370370369
14711,2024,10.0,10.007333333333332
14711,2024,8.6,8.04628190899001
14711,2024,10.4,11.645689974102847
14711,2024,8.5,11.63548148148148
14711,2024,10.6,13.195999999999998
14711,2024,10.8,13.310185185185183
14711,2024,9.8,8.615834258231594
14711,2024,8.3,7.753615127919911
14711,2024,6.5,8.488666666666667
14711,2024,10.5,10.841935483870968
14711,2024,13.1,13.53148353681095
14711,2024,12.6,13.282944011865036
14711,2024,13.1,8.966666666666667
14711,2024,11.3,10.047354790972992
14711,2024,7.6,5.051165371809102
14711,2024,6.2,6.166222222222222
14711,2024,3.6,-1.6001481481481483
14711,2024,8.6,6.85246022937477
14711,2024,3.3,1.4180540140584534
14711,2024,3.9,4.248888888888889
14711,2024,4.7,4.7
14711,2024,5.9,6.744666666666666
14711,2024,5.4,1.3126666666666669
14711,2024,9.2,8.3
14711,2024,10.2,9.764962962962962
14711,2024,12.9,12.80567296996663
14711,2024,11.2,10.751037037037037
14711,2024,11.5,8.4
14711,2024,13.6,10.616222222222223
14711,2025,3.0,0.1383759733036707
14711,2025,2.1,-1.1687777777777777
14711,2025,0.9,-4.404666666666667
14711,2025,-1.8,-6.267777777777778
14711,2025,-0.2,-6.545615982241953
14711,2025,1.6,-3.410418984056359
14711,2025,0.5,-5.622148148148147
14711,2025,8.4,8.634297367445312
14711,2025,2.3,3.4438518518518517
14711,2025,5.8,5.988518518518518
14711,2025,8.1,5.338666666666667
14711,2025,7.9,7.443307378568781
14711,2025,7.5,6.900000000000002
14711,2025,5.7,1.0642936596218022
14711,2025,-0.4,-4.566666666666666
14711,2025,0.5,-3.0762116167221607
14711,2025,0.7,-3.029707732149463
14711,2025,1.0,-1.82862439747868
14711,2025,7.1,7.503773584905661
14711,2025,8.0,8.0
14711,2025,4.5,1.2359970403255642
14711,2025,10.8,12.938623751387349
14711,2025,9.6,8.638888888888888
14711,2025,6.7,4.278357380688124
14711,2025,8.0,17.835146133925267
14711,2025,6.1,18.157380688124302
14711,2025,2.0,18.48357380688125
14711,2025,3.5,18.5
14711,2025,2.1,18.033333333333335
14711,2025,3.4,18.04074074074074
14711,2025,3.4,16.299184278828328
14711,2025,3.9,-0.3320754716981133
14711,2025,4.2,-0.4616296296296297
14711,2025,4.2,-0.3221357063403782
14711,2025,5.6,-0.1517982944011864
14711,2025,7.1,5.317962962962963
14711,2025,10.0,5.942222222222223
14711,2025,8.5,7.189444444444445
14711,2025,7.7,7.574768775434702
14711,2025,8.3,7.725222222222222
14711,2025,5.0,2.7659259259259255
14711,2025,4.2,4.665481481481481
14711,2025,3.6,3.575417130144605
14711,2025,-0.5,-2.4333333333333336
14711,2025,1.5,-2.4487407407407407
14711,2025,2.9,-0.5148888888888888
14711,2025,2.3,-1.2092489826119126
14711,2025,5.2,3.492213570634038
14711,2025,7.1,4.328444444444445
14711,2025,11.7,13.452444444444444
14711,2025,7.0,6.909629629629631
14711,2025,8.0,7.876381164256582
14711,2025,5.6,3.490185185185185
14711,2025,8.5,5.227820939696633
14711,2025,7.4,4.62330743618202
14711,2025,7.0,2.6213333333333333
14711,2025,8.5,8.974666666666668
14711,2025,8.1,7.930965593784684
14711,2025,10.5,11.381296296296297
14711,2025,6.4,0.6056666666666665
14711,2025,8.0,7.604894327030033
14711,2025,8.3,6.809333333333333
14711,2025,8.5,5.418555555555556
14711,2025,10.2,8.312985571587125
14711,2025,9.1,5.198666666666667
14711,2025,9.3,5.133704115684093
14711,2025,6.6,3.456185185185186
14711,2025,9.9,9.245828698553948
14711,2025,9.2,6.966666666666665
14711,2025,7.9,4.764666666666667
14711,2025,9.5,6.32183908045977
14711,2025,13.0,12.5
14711,2025,12.5,12.199999999999998
14711,2025,12.4,12.554888888888891
14711,2025,11.3,10.6
14711,2025,8.3,8.435928809788654
14711,2025,5.1,1.7914539400665923
14711,2025,9.5,7.117777777777777
14711,2025,10.9,9.413333333333334
14711,2025,8.1,5.656666666666668
14711,2025,9.8,5.874527252502781
14711,2025,9.5,5.88756936736959
14711,2025,9.7,7.147407407407408
14711,2025,10.3,6.9109877913429525
14711,2025,9.7,5.2
14711,2025,12.7,11.679518518518517
14711,2025,11.3,8.961154273029967
14711,2025,11.6,9.174074074074072
14711,2025,10.9,7.608222222222222
14711,2025,14.3,7.891555555555556
14136,2024,2.5,0.131
14136,2024,8.6,8.179134295227525
14136,2024,4.4,0.9555555555555556
14136,2024,5.1,0.2662958843159065
14136,2024,0.4,-1.2139474657787646
14136,2024,1.9,-0.4090100111234704
14136,2024,2.6,-0.9316666666666668
14136,2024,5.6,3.7766666666666673
14136,2024,12.8,12.047650758416577
14136,2024,10.4,10.170856507230257
14136,2024,2.7,1.5147983721790603
14136,2024,1.9,-0.6051851851851853
14136,2024,5.9,2.6096296296296293
14136,2024,4.1,0.3792222222222222
14136,2024,4.5,1.773074074074074
14136,2024,6.4,4.212800591934887
14136,2024,8.2,5.943010752688172
14136,2024,6.0,3.6029629629629625
14136,2024,10.8,9.812222222222225
14136,2024,9.6,9.4
14136,2024,6.1,2.400185185185185
14136,2024,7.9,6.838962962962964
14136,2024,3.2,1.6999999999999995
14136,2024,1.6,0.4346666666666666
14136,2024,0.7,-1.8274074074074076
14136,2024,6.8,5.603518518518519
14136,2024,5.1,3.415016685205784
14136,2024,7.7,7.7
14136,2024,5.3,5.9918148148148145
14136,2024,8.3,6.146222222222223
14136,2024,3.4,1.356736035049288
14136,2024,9.5,8.788962962962962
14136,2024,4.9,5.225740740740742
14136,2024,3.1,1.924148148148148
14136,2024,4.6,3.682054134223211
14136,2024,2.5,-1.6054814814814815
14136,2024,4.1,0.6103703703703702
14136,2024,8.0,9.371338524286244
14136,2024,7.3,6.2441913439635535
14136,2024,5.4,3.903619047619048
14136,2024,7.6,5.093729729729731
14136,2024,5.8,4.011238095238095
14136,2024,5.6,3.0524074074074075
14136,2024,6.2,4.433333333333334
14136,2024,8.1,4.5
14136,2024,8.8,5.031664812754912
14136,2024,10.1,9.149944506104328
14136,2024,8.8,6.925764525993884
14136,2024,7.0,5.783537263626251
14136,2024,8.6,6.532471264367815
14136,2024,9.2,6.874888888888889
14136,2024,9.8,9.823159452460228
14136,2024,5.5,2.9402885682574924
14136,2024,4.2,0.4636559139784945
14136,2024,8.2,7.599999999999999
14136,2024,3.7,3.683703703703704
14136,2024,6.9,7.251111111111111
14136,2024,11.7,13.24451612903226
14136,2024,12.2,11.982563551736485
14136,2024,10.4,9.52740740740741
14136,2024,7.7,7.4687403993855614
14136,2024,6.2,4.388444444444445
14136,2024,9.6,9.483796811271784
14136,2024,8.2,5.783759733036707
14136,2024,8.3,7.055703703703704
14136,2024,7.7,5.920555555555557
14136,2024,10.4,8.607111111111113
14136,2024,10.8,8.706629629629628
14136,2024,9.7,9.339111111111112
14136,2024,8.2,8.533333333333333
14136,2024,6.6,7.405555555555555
14136,2024,9.7,6.662888888888889
14136,2024,11.7,8.08486866444691
14136,2024,12.0,8.227400815721172
14136,2024,11.8,8.623407407407408
14136,2024,11.2,11.61148148148148
14136,2024,7.5,7.272005932517612
14136,2024,6.2,6.2112592592592595
14136,2024,3.8,0.3537037037037037
14136,2024,8.7,8.052614015572859
14136,2024,4.1,4.8
14136,2024,4.0,4.21831664812755
14136,2024,4.8,4.871555555555555
14136,2024,5.9,5.428634850166483
14136,2024,5.1,2.682350760103819
14136,2024,9.5,9.086444444444444
14136,2024,9.8,9.144123099740453
14136,2024,13.2,12.6
14136,2024,11.0,10.645888888888887
14136,2024,11.5,9.216296296296296
14136,2024,13.7,10.658666666666669
14136,2025,3.2,3.3748057713651503
14136,2025,2.0,0.6330737856878013
14136,2025,1.0,-2.3075185185185187
14136,2025,-1.1,-3.923751387347392
14136,2025,-1.7,-3.721420643729189
14136,2025,1.5,0.4206666666666667
14136,2025,0.5,-3.115313311086392
14136,2025,7.2,9.3
14136,2025,1.8,3.251872450871338
14136,2025,6.1,6.843555555555557
14136,2025,8.2,6.556952169076752
14136,2025,7.6,8.076269929551353
14136,2025,7.8,7.691842788283276
14136,2025,5.6,4.566
14136,2025,-0.5,-3.879555555555555
14136,2025,0.8,-2.271037037037037
14136,2025,1.5,-1.6286666666666667
14136,2025,1.6,-0.8686666666666667
14136,2025,6.9,7.387777777777778
14136,2025,7.9,8.199999999999998
14136,2025,4.6,2.3
14136,2025,11.4,12.465333333333334
14136,2025,9.6,8.8
14136,2025,6.5,4.6777037037037035
14136,2025,7.6,7.732519422863485
14136,2025,6.1,6.0114074074074075
14136,2025,2.4,-1.4960000000000002
14136,2025,4.0,0.79511653718091
14136,2025,2.2,0.0770255271920088
14136,2025,2.8,3.235669262143122
14136,2025,2.9,-0.6574814814814813
14136,2025,3.2,-0.5055555555555556
14136,2025,3.5,-0.926
14136,2025,2.9,-0.3
14136,2025,4.3,1.0
14136,2025,6.7,5.9239999999999995
14136,2025,10.2,7.612800591934886
14136,2025,8.6,6.212925925925926
14136,2025,7.3,5.16337037037037
14136,2025,7.8,7.620162782093969
14136,2025,4.6,3.0792222222222216
14136,2025,4.2,4.641119762699296
14136,2025,3.4,3.2999999999999994
14136,2025,-0.6,-2.7000000000000006
14136,2025,1.3,-1.237777777777778
14136,2025,2.2,-0.5062153163152053
14136,2025,2.1,-0.5295513533555802
14136,2025,5.1,4.477555555555556
14136,2025,6.9,5.1066666666666665
14136,2025,12.0,13.69522222222222
14136,2025,6.8,6.833333333333332
14136,2025,7.9,7.733333333333333
14136,2025,5.7,2.8428253615127925
14136,2025,8.3,6.817185185185185
14136,2025,8.5,4.570522803114572
14136,2025,6.0,3.3350370370370372
14136,2025,8.8,8.40352243233222
14136,2025,8.3,8.677345198368556
14136,2025,10.6,10.937994820569736
14136,2025,6.5,1.5987791342952278
14136,2025,7.3,5.434222222222223
14136,2025,8.5,7.232037037037037
14136,2025,8.7,5.300185185185185
14136,2025,9.9,7.033777777777779
14136,2025,8.9,4.702222222222223
14136,2025,9.4,6.033852428624398
14136,2025,6.4,3.3061111111111106
14136,2025,9.9,10.102592592592591
14136,2025,9.2,7.605037037037036
14136,2025,7.6,5.325925925925926
14136,2025,9.0,6.465814814814814
14136,2025,13.3,12.70192806822395
14136,2025,12.5,12.067703703703708
14136,2025,12.4,12.4
14136,2025,11.5,10.5
14136,2025,8.4,8.239104698483164
14136,2025,5.5,3.896962962962963
14136,2025,8.7,7.585333333333332
14136,2025,11.0,8.690777777777777
14136,2025,8.0,6.254088050314465
14136,2025,10.0,7.401965146459029
14136,2025,11.8,9.412
14136,2025,9.5,7.810925925925925
14136,2025,11.1,9.92097669256382
14136,2025,9.6,5.400000000000001
14136,2025,12.6,12.22325925925926
14136,2025,10.7,8.031964483906771
14136,2025,10.9,7.691768631813124
14136,2025,10.3,7.8173140954495
14136,2025,14.2,8.32148148148148
14935,2024,1.3,3.1617037037037035
14935,2024,4.0,8.166518518518519
14935,2024,3.4,2.9254074074074072
14935,2024,2.3,5.129037037037037
14935,2024,2.9,5.970810210876802
14935,2024,3.4,3.4901960784313726
14935,2024,0.1,0.3333333333333333
14935,2024,4.0,3.776900259547646
14935,2024,10.6,9.266666666666667
14935,2024,8.4,8.107945306725796
14935,2024,2.8,3.753037037037037
14935,2024,0.5,1.1113459399332593
14935,2024,2.5,4.441620421753607
14935,2024,2.0,1.4311875693673697
14935,2024,4.2,3.23237037037037
14935,2024,5.3,5.534185185185186
14935,2024,4.9,9.041888888888888
14935,2024,2.3,3.598740740740741
14935,2024,6.0,9.241666666666664
14935,2024,7.0,7.566222222222222
14935,2024,2.6,3.367666666666667
14935,2024,6.2,6.166407407407408
14935,2024,2.4,1.6688864224935258
14935,2024,0.7,0.5333333333333333
14935,2024,0.1,-1.2666666666666666
14935,2024,6.0,5.5
14935,2024,3.2,4.632332220986282
14935,2024,4.7,6.398076211616723
14935,2024,1.3,3.431337767923134
14935,2024,5.3,6.59667036625971
14935,2024,2.0,1.1537037037037037
14935,2024,6.8,6.33621901590825
14935,2024,2.9,2.594826311899483
14935,2024,2.3,3.215040650406504
14935,2024,2.2,3.5297424737033003
14935,2024,-0.6,-0.1502222222222222
14935,2024,4.0,6.097222222222221
14935,2024,5.0,4.631777777777778
14935,2024,4.9,3.5386489479512737
14935,2024,4.4,4.322222222222222
14935,2024,4.5,5.931409544950055
14935,2024,3.9,6.3293333333333335
14935,2024,4.2,4.3417871709306635
14935,2024,5.3,6.273333333333333
14935,2024,6.6,7.539241917502786
14935,2024,5.7,5.898333333333333
14935,2024,9.0,8.525213199851688
14935,2024,6.1,8.620185185185186
14935,2024,6.9,6.525222222222222
14935,2024,6.8,7.446747967479674
14935,2024,7.3,9.29
14935,2024,6.9,7.430370370370371
14935,2024,3.7,4.445148148148148
14935,2024,1.0,1.5711111111111111
14935,2024,9.0,8.242851851851851
14935,2024,2.3,1.136
14935,2024,4.2,6.0436666666666685
14935,2024,9.8,10.733333333333336
14935,2024,14.7,15.433333333333332
14935,2024,7.9,6.729547141796584
14935,2024,5.9,6.04502598366741
14935,2024,3.7,4.109555555555556
14935,2024,7.7,8.457555555555553
14935,2024,6.7,6.312652608213097
14935,2024,9.5,9.929814814814817
14935,2024,11.5,12.433333333333334
14935,2024,12.7,11.177407407407408
14935,2024,13.8,14.440863787375417
14935,2024,7.9,6.918242491657399
14935,2024,6.5,6.8566666666666665
14935,2024,3.0,5.880793474230626
14935,2024,6.6,6.5194074074074075
14935,2024,11.3,9.323470522803117
14935,2024,12.0,9.69496855345912
14935,2024,11.7,9.543248242693304
14935,2024,9.3,9.12074074074074
14935,2024,5.0,4.670407407407407
14935,2024,2.9,3.672037037037037
14935,2024,0.8,3.215647015202076
14935,2024,7.4,7.5
14935,2024,1.7,3.498222222222222
14935,2024,0.8,1.4972962962962963
14935,2024,1.5,3.2096296296296294
14935,2024,3.6,4.8151313355530885
14935,2024,1.5,2.939481481481482
14935,2024,6.0,7.985444444444444
14935,2024,7.7,8.520592592592592
14935,2024,11.5,11.285661492978567
14935,2024,9.2,8.679013718946978
14935,2024,10.1,10.5
14935,2024,11.5,9.233333333333333
14935,2025,0.9,1.8320413436692504
14935,2025,0.9,-0.1931263858093126
14935,2025,-0.9,-1.736440991490936
14935,2025,0.2,-1.658675545689974
14935,2025,0.1,-1.3666666666666665
14935,2025,-2.5,-2.494339622641509
14935,2025,1.4,-0.4542222222222222
14935,2025,6.1,6.631481481481481
14935,2025,1.7,1.701037037037037
14935,2025,4.3,5.135851851851852
14935,2025,6.7,7.233555802743789
14935,2025,6.0,7.833333333333333
14935,2025,5.8,6.333333333333333
14935,2025,3.6,4.901296296296296
14935,2025,-2.6,-1.8308888888888888
14935,2025,-0.9,-1.399481481481481
14935,2025,1.1,1.627666666666667
14935,2025,0.2,-0.1690025954764553
14935,2025,2.7,4.534185185185185
14935,2025,6.0,6.5343333333333335
14935,2025,2.8,3.7366666666666664
14935,2025,7.7,10.503658536585366
14935,2025,6.4,7.434666666666667
14935,2025,4.3,4.82972422728114
14935,2025,4.3,4.743986636971046
14935,2025,3.9,4.733333333333333
14935,2025,1.3,0.7097777777777777
14935,2025,0.6,2.1203270159791896
14935,2025,-0.9,-0.5766555678875325
14935,2025,0.4,-0.1877777777777777
14935,2025,1.2,0.5844444444444444
14935,2025,2.3,0.8426978818283166
14935,2025,1.7,0.6258888888888888
14935,2025,1.5,1.1255555555555556
14935,2025,1.5,1.3864814814814812
14935,2025,4.8,8.161857195708471
14935,2025,8.3,9.941888888888888
14935,2025,5.6,6.12731997030438
14935,2025,4.9,4.960504825538234
14935,2025,6.2,5.8462079171291155
14935,2025,3.3,3.992666666666667
14935,2025,1.5,2.242555555555556
14935,2025,1.1,1.8369219385867552
14935,2025,-1.4,-2.155555555555556
14935,2025,-1.8,-1.817925925925926
14935,2025,1.7,0.4254074074074074
14935,2025,2.8,6.29191694475343
14935,2025,3.9,4.532888888888889
14935,2025,8.0,9.146496106785316
14935,2025,10.8,10.88821999256782
14935,2025,4.4,4.122222222222222
14935,2025,5.8,5.666666666666667
14935,2025,3.4,3.142602892102336
14935,2025,4.7,7.433110863922878
14935,2025,3.5,7.404222222222223
14935,2025,2.7,4.587925925925926
14935,2025,6.2,7.933333333333334
14935,2025,4.5,6.833333333333334
14935,2025,8.6,9.254370370370369
14935,2025,2.0,2.936481481481481
14935,2025,4.0,3.6047777777777776
14935,2025,6.9,9.711061783203846
14935,2025,6.4,6.37837037037037
14935,2025,7.1,8.746947835738068
14935,2025,6.7,7.505814814814816
14935,2025,6.4,6.745111111111111
14935,2025,3.6,3.8333333333333335
14935,2025,7.6,8.239191694475341
14935,2025,6.6,6.789
14935,2025,6.3,5.854074074074075
14935,2025,7.0,6.826962962962963
14935,2025,12.4,12.253658536585364
14935,2025,11.1,10.7267850536441
14935,2025,11.3,11.086599851521902
14935,2025,9.2,8.333333333333334
14935,2025,6.3,6.6470370370370375
14935,2025,2.7,3.771111111111111
14935,2025,9.6,10.696788482834991
14935,2025,9.7,10.361777777777778
14935,2025,6.2,5.066666666666666
14935,2025,7.0,7.508250092489826
14935,2025,6.5,8.041037037037036
14935,2025,7.0,7.833851276359601
14935,2025,6.2,8.318222222222223
14935,2025,6.0,5.833333333333333
14935,2025,10.5,10.37203703703704
14935,2025,8.0,7.208296296296296
14935,2025,8.0,6.741315594974132
14935,2025,9.8,8.633333333333333
14935,2025,12.9,9.590888888888893
14327,2024,4.3,3.914200964034112
14327,2024,9.1,9.989555555555556
14327,2024,6.2,5.192148148148148
14327,2024,5.9,4.7972222222222225
14327,2024,3.6,2.1503703703703705
14327,2024,3.8,4.1444074074074075
14327,2024,3.2,3.9962222222222223
14327,2024,6.4,7.173814814814815
14327,2024,12.1,11.095555555555556
14327,2024,9.8,10.195444444444444
14327,2024,2.5,2.8994444444444447
14327,2024,2.2,2.4106666666666667
14327,2024,5.8,6.153940066592675
14327,2024,5.1,3.6335185185185184
14327,2024,6.1,6.2644469108398075
14327,2024,6.8,6.790972992970773
14327,2024,9.9,9.720370370370372
14327,2024,7.0,7.618
14327,2024,10.0,9.775231738969223
14327,2024,8.8,9.075148148148148
14327,2024,7.0,6.991564927857936
14327,2024,7.7,7.5414814814814815
14327,2024,3.4,5.717723396366333
14327,2024,1.7,2.605666666666667
14327,2024,0.6,1.130074074074074
14327,2024,6.6,6.782801613494683
14327,2024,5.1,5.830962962962963
14327,2024,6.9,7.518148148148149
14327,2024,5.9,6.232741398446171
14327,2024,8.0,8.692592592592593
14327,2024,3.8,3.846836847946726
14327,2024,8.7,8.345111111111112
14327,2024,4.0,4.409333333333333
14327,2024,4.7,3.758888888888889
14327,2024,4.4,4.766666666666667
14327,2024,2.7,2.966666666666667
14327,2024,4.1,5.506259259259259
14327,2024,7.6,7.921037037037037
14327,2024,6.4,5.679467258601553
14327,2024,5.3,5.542138364779873
14327,2024,7.2,7.185222222222222
14327,2024,7.2,8.587259259259259
14327,2024,7.1,6.420273769885313
14327,2024,7.0,6.401738808731039
14327,2024,8.9,9.146666666666668
14327,2024,9.6,9.283574341861328
14327,2024,10.1,10.000222222222222
14327,2024,10.0,9.210518518518516
14327,2024,9.0,8.668444444444445
14327,2024,9.3,9.134924158342582
14327,2024,10.8,10.735368109507954
14327,2024,9.2,9.166666666666666
14327,2024,5.2,6.721666666666666
14327,2024,4.6,5.051905290418054
14327,2024,8.1,7.923666666666666
14327,2024,2.8,3.423492415834258
14327,2024,6.2,5.726436781609196
14327,2024,10.7,11.771185185185184
14327,2024,11.9,13.314814814814811
14327,2024,9.5,9.36236559139785
14327,2024,7.3,7.754097144975899
14327,2024,5.9,5.4913333333333325
14327,2024,9.6,9.79086200517943
14327,2024,8.7,8.343111111111112
14327,2024,10.6,10.658324063774566
14327,2024,8.5,10.333
14327,2024,11.0,11.296333333333337
14327,2024,12.1,11.412888888888888
14327,2024,8.9,8.745777777777779
14327,2024,7.4,8.166666666666664
14327,2024,7.6,8.866666666666667
14327,2024,10.8,10.37621161672216
14327,2024,13.7,13.703555555555557
14327,2024,13.5,12.663333333333334
14327,2024,13.5,13.101371894697817
14327,2024,10.5,10.966666666666669
14327,2024,6.8,6.67809840917499
14327,2024,5.5,5.771857619577308
14327,2024,4.0,3.691259259259259
14327,2024,7.8,8.052222222222223
14327,2024,4.6,4.781555555555555
14327,2024,3.2,3.7000000000000006
14327,2024,3.9,4.414518518518519
14327,2024,5.1,5.139215686274509
14327,2024,5.0,3.5037037037037035
14327,2024,8.7,8.92985185185185
14327,2024,9.4,9.075000000000005
14327,2024,12.2,12.366666666666667
14327,2024,11.0,10.7347793845013
14327,2024,12.0,10.537444444444445
14327,2024,13.5,12.03837597330367
14327,2025,3.4,3.358583611420096
14327,2025,2.2,2.466666666666667
14327,2025,1.8,0.6894444444444445
14327,2025,0.2,-1.057528671846097
14327,2025,0.6,-0.7016296296296296
14327,2025,1.7,1.8113947465778764
14327,2025,1.2,1.2975212726600074
14327,2025,8.0,9.089333333333334
14327,2025,2.6,3.822444444444444
14327,2025,6.1,7.274
14327,2025,7.8,8.166666666666666
14327,2025,7.9,8.609285978542362
14327,2025,8.0,7.993
14327,2025,4.8,5.047126436781609
14327,2025,0.1,-0.6828327771598072
14327,2025,1.0,0.2854444444444445
14327,2025,2.2,1.670847206807251
14327,2025,1.6,2.220444444444444
14327,2025,6.8,8.323666666666668
14327,2025,7.6,8.572851851851853
14327,2025,5.0,5.766666666666667
14327,2025,10.5,12.354592592592592
14327,2025,9.2,9.027444444444445
14327,2025,7.0,7.976863181312568
14327,2025,7.8,8.26274074074074
14327,2025,5.3,6.294407407407407
14327,2025,3.0,1.7524444444444447
14327,2025,4.5,5.366666666666667
14327,2025,2.9,3.2420273769885317
14327,2025,3.1,3.236
14327,2025,3.7,3.681666666666666
14327,2025,4.4,4.601109877913429
14327,2025,4.4,4.412962962962964
14327,2025,4.2,3.9572697003329633
14327,2025,5.5,5.549241583425823
14327,2025,7.2,9.019185185185185
14327,2025,10.2,10.353444444444444
14327,2025,7.6,7.321319985168706
14327,2025,7.0,7.099999999999999
14327,2025,7.6,7.612333333333332
14327,2025,4.9,4.707222222222223
14327,2025,4.0,4.2936296296296295
14327,2025,3.0,3.1666666666666665
14327,2025,-0.4,-0.8546666666666667
14327,2025,1.5,2.4576766555678877
14327,2025,3.5,3.9070662227155006
14327,2025,3.2,3.018333333333333
14327,2025,5.7,6.4635185185185176
14327,2025,8.2,7.6848888888888895
14327,2025,11.1,12.602222222222222
14327,2025,6.7,6.869515353311137
14327,2025,7.5,7.263925925925926
14327,2025,6.0,5.332519422863486
14327,2025,9.3,9.766666666666667
14327,2025,8.6,9.15222222222222
14327,2025,7.2,8.773666666666667
14327,2025,7.8,7.986355209492027
14327,2025,7.5,8.47311111111111
14327,2025,9.7,10.591111111111111
14327,2025,6.8,6.8570370370370375
14327,2025,7.5,7.431481481481482
14327,2025,8.4,9.43507214206437
14327,2025,9.0,9.032406377456434
14327,2025,10.0,10.376
14327,2025,9.4,7.705666666666667
14327,2025,10.0,9.166666666666666
14327,2025,6.8,5.7
14327,2025,9.6,10.470114942528737
14327,2025,9.2,8.872043010752689
14327,2025,7.9,8.228333333333333
14327,2025,9.2,8.566666666666668
14327,2025,12.1,13.23177777777778
14327,2025,12.2,12.066666666666668
14327,2025,12.0,12.168553459119495
14327,2025,10.6,10.166666666666666
14327,2025,7.6,7.700407407407408
14327,2025,5.9,5.331259259259259
14327,2025,9.3,9.766666666666667
14327,2025,10.4,10.166555431961438
14327,2025,8.4,8.133592592592592
14327,2025,10.4,10.168294487606362
14327,2025,12.0,11.667334074898037
14327,2025,9.4,8.738771735109138
14327,2025,10.3,10.365666666666666
14327,2025,10.1,9.76
14327,2025,12.3,11.96977777777778
14327,2025,11.1,10.099407407407408
14327,2025,11.3,10.56877777777778
14327,2025,11.4,12.569777777777778
14327,2025,14.4,12.705969595847236
21869,2024,4.5,6.306592592592592
21869,2024,8.5,8.206444444444443
21869,2024,4.3,6.013836477987421
21869,2024,4.7,5.248444444444444
21869,2024,2.3,2.677037037037037
21869,2024,3.2,6.334666666666666
21869,2024,3.5,5.980740740740741
21869,2024,6.3,7.561151212289468
21869,2024,11.5,10.32806822395254
21869,2024,9.3,9.407880133185351
21869,2024,2.3,3.828364849833148
21869,2024,2.0,4.5377777777777775
21869,2024,5.1,5.097701149425287
21869,2024,3.1,5.741842397336293
21869,2024,6.0,6.910752688172045
21869,2024,6.5,8.045777777777777
21869,2024,9.8,10.343333333333334
21869,2024,6.8,6.848461253244346
21869,2024,9.2,8.598183166481276
21869,2024,7.9,7.389333333333335
21869,2024,4.8,6.170814814814814
21869,2024,7.4,7.1412962962962965
21869,2024,2.3,3.4683333333333333
21869,2024,2.0,2.795671476137624
21869,2024,0.9,1.072142064372919
21869,2024,6.5,6.2050370370370365
21869,2024,4.8,5.9357037037037035
21869,2024,6.1,6.066666666666666
21869,2024,5.3,5.211568409343715
21869,2024,6.9,7.97378568780126
21869,2024,3.8,5.706814814814814
21869,2024,8.1,7.42962962962963
21869,2024,3.0,2.870185185185185
21869,2024,2.9,3.296666666666666
21869,2024,3.6,3.6328513162773457
21869,2024,1.4,3.4682962962962964
21869,2024,4.7,5.575
21869,2024,6.9,7.199704032556419
21869,2024,5.9,5.433481481481482
21869,2024,5.5,4.833370411568409
21869,2024,5.9,5.3
21869,2024,6.9,6.7672592592592595
21869,2024,7.2,8.136111111111111
21869,2024,6.8,7.598962962962962
21869,2024,7.5,10.632
21869,2024,8.8,8.730888888888888
21869,2024,10.7,9.769555555555556
21869,2024,9.3,10.596670366259712
21869,2024,7.1,9.631444444444444
21869,2024,8.9,9.710555555555556
21869,2024,11.0,12.1
21869,2024,9.2,8.335775064742878
21869,2024,4.3,5.838666666666667
21869,2024,3.8,4.312567132116005
21869,2024,6.9,6.397923618835744
21869,2024,2.1,2.2
21869,2024,6.5,5.99511653718091
21869,2024,10.8,11.8062962962963
21869,2024,10.8,10.40137037037037
21869,2024,9.0,8.833333333333334
21869,2024,6.8,6.52725925925926
21869,2024,6.1,6.501592592592592
21869,2024,9.8,9.285000000000002
21869,2024,8.8,8.477827215424547
21869,2024,10.6,10.98754171301446
21869,2024,8.3,11.477777777777778
21869,2024,10.9,12.533333333333331
21869,2024,12.0,13.263333333333335
21869,2024,8.2,7.220740740740741
21869,2024,6.7,6.235516093229744
21869,2024,7.3,7.782239525398591
21869,2024,10.6,11.4
21869,2024,12.7,13.97070819428995
21869,2024,14.4,14.767517573066964
21869,2024,12.0,13.562893081761008
21869,2024,9.5,9.615333333333332
21869,2024,5.9,5.482444444444444
21869,2024,4.9,4.4414444444444445
21869,2024,4.5,4.6056233814280425
21869,2024,7.2,6.717333333333333
21869,2024,4.4,4.326362625139043
21869,2024,2.4,2.303070662227155
21869,2024,3.2,3.1301851851851854
21869,2024,4.3,4.030074074074074
21869,2024,3.3,2.2835001853911754
21869,2024,8.5,8.106814814814815
21869,2024,9.0,8.552740740740742
21869,2024,11.5,11.522666666666666
21869,2024,10.3,10.140592592592592
21869,2024,11.7,12.040695523492415
21869,2024,13.0,12.018724508713383
21869,2025,2.5,1.9227289581015945
21869,2025,1.4,2.0238993710691826
21869,2025,1.6,1.1324084350721422
21869,2025,-0.1,-0.979356270810211
21869,2025,-0.1,1.2019999999999995
21869,2025,1.2,2.022234554199038
21869,2025,0.8,2.533333333333333
21869,2025,7.3,7.666184649610678
21869,2025,1.3,2.8
21869,2025,6.2,6.733333333333334
21869,2025,7.8,7.633333333333333
21869,2025,7.8,7.779851851851852
21869,2025,7.9,7.7567407407407405
21869,2025,3.7,3.364594894561598
21869,2025,-0.8,-1.7522222222222223
21869,2025,1.2,3.07612161661105
21869,2025,2.5,3.5705925925925923
21869,2025,1.4,3.8909629629629623
21869,2025,6.2,7.9433333333333325
21869,2025,7.1,7.900000000000002
21869,2025,5.4,5.717037037037037
21869,2025,10.0,10.80110987791343
21869,2025,8.5,8.237666666666666
21869,2025,7.3,7.808074074074074
21869,2025,7.9,8.233333333333333
21869,2025,4.5,4.282222222222222
21869,2025,2.6,3.381925925925926
21869,2025,3.4,4.387037037037037
21869,2025,2.1,2.166666666666667
21869,2025,2.1,2.479814814814815
21869,2025,3.0,5.710530218761587
21869,2025,3.4,5.719911012235817
21869,2025,3.3,6.958666666666667
21869,2025,4.0,6.545532072673341
21869,2025,5.0,6.034444444444443
21869,2025,7.5,9.054605993340733
21869,2025,10.0,10.192222222222222
21869,2025,7.4,6.921777777777779
21869,2025,7.0,6.533333333333334
21869,2025,6.7,7.21937037037037
21869,2025,4.6,4.840370370370371
21869,2025,2.8,2.947460140897294
21869,2025,2.2,1.6333333333333333
21869,2025,-0.6,0.4952910641453466
21869,2025,1.5,1.9333333333333331
21869,2025,2.7,3.7624397478680014
21869,2025,2.6,5.2520740740740735
21869,2025,5.2,6.262666666666667
21869,2025,7.7,8.682461994809048
21869,2025,10.6,12.23726362625139
21869,2025,6.5,6.370222222222223
21869,2025,6.7,6.918353726362626
21869,2025,5.6,7.4689999999999985
21869,2025,8.4,8.818222222222223
21869,2025,7.7,8.215205327413985
21869,2025,8.3,8.795819459859416
21869,2025,7.2,6.1281481481481475
21869,2025,6.4,6.9690767519466075
21869,2025,8.9,8.644173140954496
21869,2025,5.5,5.529037037037035
21869,2025,7.2,7.433333333333334
21869,2025,8.4,9.786111111111111
21869,2025,9.2,10.753037037037036
21869,2025,10.2,12.358555555555554
21869,2025,9.9,12.176826103077495
21869,2025,10.1,9.257333333333332
21869,2025,7.1,7.032222222222222
21869,2025,10.1,9.781777777777776
21869,2025,8.2,8.319644839067703
21869,2025,7.5,8.848943270300335
21869,2025,9.3,8.831442343344456
21869,2025,11.2,12.516444444444442
21869,2025,11.6,11.167037037037035
21869,2025,11.7,11.4
21869,2025,10.5,9.383351831298558
21869,2025,7.0,6.350222222222222
21869,2025,4.9,4.633629629629629
21869,2025,9.2,9.96711111111111
21869,2025,9.9,9.733333333333334
21869,2025,9.2,8.316315205327413
21869,2025,10.8,9.951333333333334
21869,2025,11.2,11.214163885799035
21869,2025,8.1,7.651720310765816
21869,2025,9.6,9.069262143121987
21869,2025,10.0,9.254814814814814
21869,2025,11.5,11.722111111111111
21869,2025,10.3,10.475841657417686
21869,2025,11.2,12.495370370370368
21869,2025,11.0,12.703851851851852
21869,2025,14.3,12.437550869404363
14313,2024,4.3,3.6805710048201705
14313,2024,8.8,8.848444444444446
14313,2024,3.3,3.9500740740740743
14313,2024,5.0,6.245925925925926
14313,2024,3.4,4.357777777777778
14313,2024,3.8,4.345777777777777
14313,2024,1.9,1.8716666666666664
14313,2024,6.8,5.953570107288197
14313,2024,11.4,10.315148148148149
14313,2024,9.4,9.27777777777778
14313,2024,3.2,3.696592592592592
14313,2024,1.4,1.3239259259259255
14313,2024,5.1,5.244913059563449
14313,2024,2.8,3.961740740740741
14313,2024,6.1,4.663366703744902
14313,2024,6.9,6.123111111111111
14313,2024,9.4,8.900333704115685
14313,2024,5.8,5.217538005190953
14313,2024,9.1,9.161290322580644
14313,2024,7.9,8.161191268960414
14313,2024,5.3,4.426881720430107
14313,2024,7.3,7.0503333333333345
14313,2024,2.9,4.302222222222222
14313,2024,1.5,1.5098039215686274
14313,2024,0.6,-0.8853866074731779
14313,2024,6.3,5.597185185185184
14313,2024,4.4,4.720976692563818
14313,2024,6.2,6.589729328883945
14313,2024,4.3,3.802962962962962
14313,2024,7.3,7.7075555555555555
14313,2024,3.5,3.431666666666666
14313,2024,7.9,7.786666666666667
14313,2024,3.3,3.7936666666666663
14313,2024,4.0,3.694222222222222
14313,2024,3.7,3.7168888888888887
14313,2024,2.0,1.249314052651094
14313,2024,4.3,3.247703703703704
14313,2024,7.2,7.376666666666667
14313,2024,5.6,5.486499810390595
14313,2024,5.4,4.088494265630781
14313,2024,6.7,5.957777777777778
14313,2024,7.2,6.296666666666666
14313,2024,7.1,5.7333333333333325
14313,2024,7.1,5.174518518518519
14313,2024,8.1,9.701407407407409
14313,2024,8.6,7.1146666666666665
14313,2024,10.2,9.481777777777776
14313,2024,9.3,8.156703703703704
14313,2024,7.1,7.733333333333334
14313,2024,9.1,8.242027376988531
14313,2024,10.1,10.29124953652206
14313,2024,8.7,7.807860585836115
14313,2024,4.2,4.545037037037037
14313,2024,3.3,2.316111111111111
14313,2024,7.5,6.910691823899372
14313,2024,1.8,2.4844444444444447
14313,2024,5.9,5.883185185185185
14313,2024,10.7,10.896592592592594
14313,2024,10.7,11.151
14313,2024,8.9,8.642555555555555
14313,2024,6.8,6.3186132740081575
14313,2024,6.0,5.30503144654088
14313,2024,9.4,9.10948148148148
14313,2024,8.5,6.46126526082131
14313,2024,10.8,9.44206437291898
14313,2024,8.3,8.654333333333334
14313,2024,10.7,10.501853911753798
14313,2024,12.5,10.654222222222224
14313,2024,8.3,7.963222222222223
14313,2024,6.7,7.2635555555555555
14313,2024,7.6,4.947851851851851
14313,2024,8.5,8.225777777777779
14313,2024,12.8,10.866666666666667
14313,2024,13.9,11.362592592592591
14313,2024,13.1,10.927666666666664
14313,2024,9.6,9.728333333333332
14313,2024,6.1,5.443037037037037
14313,2024,4.7,4.734555555555556
14313,2024,3.3,0.8413333333333334
14313,2024,7.0,7.698816130225675
14313,2024,4.1,3.257333333333333
14313,2024,2.3,2.6333333333333337
14313,2024,3.2,3.488444444444444
14313,2024,4.3,4.60125786163522
14313,2024,4.1,2.3771851851851853
14313,2024,8.2,7.518518518518519
14313,2024,8.9,8.733333333333333
14313,2024,11.5,11.708333333333332
14313,2024,10.4,9.909851851851853
14313,2024,11.4,10.10211111111111
14313,2024,12.7,10.233333333333333
14313,2025,2.2,2.533333333333333
14313,2025,1.3,0.6666666666666666
14313,2025,0.9,-1.5686666666666669
14313,2025,0.4,-1.4853333333333334
14313,2025,0.2,-1.1466666666666667
14313,2025,0.7,-0.9526666666666666
14313,2025,1.4,0.8284444444444445
14313,2025,7.5,8.740991490935995
14313,2025,2.0,3.0411111111111113
14313,2025,5.9,6.39725925925926
14313,2025,7.5,6.822789493155752
14313,2025,7.8,7.62048148148148
14313,2025,7.9,7.209111111111111
14313,2025,3.9,4.1616352201257865
14313,2025,-0.9,-2.727598964113948
14313,2025,1.3,0.8633333333333333
14313,2025,2.1,0.8422962962962963
14313,2025,1.4,2.237925925925926
14313,2025,5.9,7.0406666666666675
14313,2025,6.9,7.796222222222222
14313,2025,5.0,3.9680385613644793
14313,2025,9.9,11.703925925925924
14313,2025,8.6,8.41211111111111
14313,2025,7.1,6.320578420467185
14313,2025,7.5,7.145999999999999
14313,2025,4.6,5.653666666666667
14313,2025,2.8,1.811296296296296
14313,2025,3.8,2.524814814814815
14313,2025,1.6,1.9634110247872731
14313,2025,1.1,1.1902222222222223
14313,2025,2.8,3.0896666666666666
14313,2025,3.2,3.2531851851851847
14313,2025,3.3,3.008888888888889
14313,2025,3.6,3.610555555555556
14313,2025,4.5,3.520888888888888
14313,2025,7.0,7.350777777777779
14313,2025,9.6,8.758490566037736
14313,2025,7.2,7.233333333333333
14313,2025,6.6,6.361296296296296
14313,2025,6.8,7.033333333333334
14313,2025,4.8,2.9333333333333336
14313,2025,3.2,3.24898034853541
14313,2025,2.3,2.460666666666667
14313,2025,-0.6,-2.166666666666667
14313,2025,0.4,-0.5978912319644839
14313,2025,2.5,2.004846466888642
14313,2025,2.9,1.997777777777778
14313,2025,5.0,5.495666666666667
14313,2025,7.8,7.213555555555556
14313,2025,10.7,12.253444444444444
14313,2025,6.6,6.046310715609938
14313,2025,6.5,6.80125786163522
14313,2025,5.2,4.522666666666667
14313,2025,8.4,8.047481481481482
14313,2025,7.7,7.150888888888889
14313,2025,6.8,5.055111111111112
14313,2025,6.8,7.081798002219756
14313,2025,6.5,7.955666666666667
14313,2025,8.9,9.80425925925926
14313,2025,5.8,4.966110493140527
14313,2025,6.6,6.002666666666668
14313,2025,7.9,8.321111111111112
14313,2025,9.0,7.402555555555555
14313,2025,10.0,9.74125925925926
14313,2025,9.1,9.805586385497596
14313,2025,9.5,7.220777777777776
14313,2025,6.3,5.983573806881243
14313,2025,9.5,9.691731553578048
14313,2025,8.5,7.458592592592593
14313,2025,7.6,7.74311111111111
14313,2025,8.9,7.851054384017757
14313,2025,11.2,12.336444444444446
14313,2025,11.4,11.40863922877271
14313,2025,11.7,11.584222222222223
14313,2025,10.1,9.35988888888889
14313,2025,6.9,6.560222222222222
14313,2025,5.3,4.815259259259259
14313,2025,9.3,15.699999999999998
14313,2025,9.8,9.478
14313,2025,8.4,6.809296296296296
14313,2025,10.4,9.889715131335556
14313,2025,11.4,9.370847206807252
14313,2025,8.9,7.680666666666667
14313,2025,9.4,9.185925925925924
14313,2025,8.8,7.495856455789863
14313,2025,11.8,11.266666666666664
14313,2025,10.3,8.676518518518519
14313,2025,10.7,8.769481481481481
14313,2025,11.5,9.656629629629627
14313,2025,14.0,9.983888888888888
13762,2024,2.7,0.8163333333333334
13762,2024,7.0,9.049573600296627
13762,2024,3.7,1.376888888888889
13762,2024,4.2,2.276222222222222
13762,2024,4.3,1.6422222222222222
13762,2024,3.9,-0.2082222222222222
13762,2024,1.4,-0.6
13762,2024,4.8,4.243296296296297
13762,2024,9.2,10.309566184649611
13762,2024,7.5,8.596069707081941
13762,2024,2.1,2.8302222222222224
13762,2024,-0.3,-0.0274074074074074
13762,2024,3.1,3.836259259259259
13762,2024,2.7,-0.2349241583425823
13762,2024,4.9,1.4975555555555555
13762,2024,4.9,3.632369299221357
13762,2024,6.9,8.482185185185184
13762,2024,5.2,3.566
13762,2024,7.6,8.967037449017427
13762,2024,7.5,8.355703703703703
13762,2024,3.8,2.731779504254532
13762,2024,6.4,6.5
13762,2024,2.6,1.164520902700703
13762,2024,-0.3,0.3304444444444445
13762,2024,-1.1,-2.153185185185185
13762,2024,5.0,5.676396596374398
13762,2024,2.9,4.3406666666666665
13762,2024,6.7,7.317426770485724
13762,2024,3.3,5.160444444444445
13762,2024,5.4,5.885555555555555
13762,2024,1.4,-0.0283333333333333
13762,2024,6.4,6.779111111111112
13762,2024,3.0,3.695777777777778
13762,2024,2.8,1.7673333333333332
13762,2024,2.3,3.1626666666666665
13762,2024,-0.7,-0.1248888888888888
13762,2024,3.1,1.1185185185185187
13762,2024,4.9,5.9608888888888885
13762,2024,4.1,5.151999999999999
13762,2024,4.1,4.086888888888889
13762,2024,5.9,5.291971883092859
13762,2024,6.1,7.619111111111112
13762,2024,4.3,2.6802743789395627
13762,2024,5.4,5.778518518518519
13762,2024,7.0,5.485296296296296
13762,2024,5.8,6.352793192748798
13762,2024,8.1,8.617111111111111
13762,2024,7.3,6.706859473489063
13762,2024,6.2,4.575777777777779
13762,2024,7.4,6.591111111111111
13762,2024,8.6,7.209417871709307
13762,2024,6.1,5.599999999999998
13762,2024,3.6,2.528883945124212
13762,2024,0.8,2.9351461339252687
13762,2024,7.9,8.365333333333332
13762,2024,2.6,2.203703703703704
13762,2024,4.2,5.134887162412134
13762,2024,9.3,10.914942528735631
13762,2024,14.4,16.784925925925926
13762,2024,6.9,7.105925925925927
13762,2024,5.7,6.930518518518518
13762,2024,4.6,3.46929337772845
13762,2024,8.5,8.382091212458288
13762,2024,6.7,4.666666666666667
13762,2024,9.4,6.915612282648908
13762,2024,9.7,6.16915090841676
13762,2024,12.3,8.377111111111113
13762,2024,13.0,8.638105808361079
13762,2024,6.6,8.433333333333332
13762,2024,5.4,7.498779134295228
13762,2024,5.2,7.549500554938957
13762,2024,9.3,7.375194660734149
13762,2024,11.5,8.016314423433446
13762,2024,11.7,7.116407407407406
13762,2024,11.0,7.1673325934147245
13762,2024,8.8,8.546207917129117
13762,2024,4.9,5.533333333333334
13762,2024,3.3,4.099703703703703
13762,2024,1.9,2.42
13762,2024,6.2,8.244173140954496
13762,2024,3.2,3.754236034036256
13762,2024,2.6,2.1646688864224934
13762,2024,2.9,3.5468518518518524
13762,2024,3.9,5.231887282165369
13762,2024,2.6,2.539888888888889
13762,2024,6.1,6.715740740740741
13762,2024,7.8,8.847000000000001
13762,2024,10.7,11.81777777777778
13762,2024,9.4,9.386888888888889
13762,2024,10.6,8.087162412134665
13762,2024,11.6,8.63874675565443
13762,2025,2.2,2.6871851851851853
13762,2025,0.7,-0.0437407407407407
13762,2025,1.1,-2.2561501300631734
13762,2025,1.4,-3.0343692193858676
13762,2025,0.3,-3.3666666666666667
13762,2025,0.3,-2.5775798069784703
13762,2025,0.0,-3.0666666666666664
13762,2025,6.0,7.433333333333335
13762,2025,2.0,2.733333333333333
13762,2025,4.2,5.367333333333333
13762,2025,7.0,5.900000000000001
13762,2025,5.9,6.734555555555556
13762,2025,6.2,6.49
13762,2025,4.3,5.259111111111112
13762,2025,-0.7,-2.1585185185185183
13762,2025,-1.0,-2.8811851851851857
13762,2025,1.0,-1.0032222222222222
13762,2025,-0.7,-2.1825732295142752
13762,2025,3.0,3.8071111111111113
13762,2025,4.7,6.282666666666667
13762,2025,3.6,2.5034444444444444
13762,2025,8.1,11.274213836477989
13762,2025,7.6,7.895179829440119
13762,2025,5.8,5.873719376391982
13762,2025,4.9,4.952688172043011
13762,2025,4.0,3.2961809417871706
13762,2025,1.3,-0.7263411024787272
13762,2025,0.9,4.620444444444445
13762,2025,0.6,2.973533778767632
13762,2025,1.5,1.5333333333333332
13762,2025,0.8,-1.3257980697847065
13762,2025,2.2,-1.0803703703703704
13762,2025,2.0,-1.5251299183370453
13762,2025,1.0,-1.5805925925925928
13762,2025,1.1,-0.7384672619047619
13762,2025,4.7,5.614233038348082
13762,2025,7.9,10.639024390243904
13762,2025,5.0,6.390396737115314
13762,2025,5.1,5.74774074074074
13762,2025,5.8,6.737389380530974
13762,2025,2.7,2.211777777777778
13762,2025,2.6,4.621653689284391
13762,2025,1.9,2.651794302626711
13762,2025,-1.5,-3.211616722160562
13762,2025,-0.0,0.869811320754717
13762,2025,1.2,-0.8906400295967446
13762,2025,2.6,0.5179829440118651
13762,2025,3.7,2.973370577281192
13762,2025,6.9,5.826666666666667
13762,2025,10.2,12.180281169071405
13762,2025,5.1,5.227555555555556
13762,2025,5.4,6.433333333333334
13762,2025,4.4,2.106222222222222
13762,2025,7.6,8.553333333333335
13762,2025,5.7,7.916091954022988
13762,2025,4.4,6.29679203539823
13762,2025,6.8,8.499221357063403
13762,2025,6.6,7.534
13762,2025,8.6,10.16829810901001
13762,2025,2.9,3.348057713651498
13762,2025,4.7,2.533407407407407
13762,2025,6.1,5.166222715501295
13762,2025,7.1,4.583500185391175
13762,2025,7.9,7.816907675194661
13762,2025,7.6,4.6
13762,2025,6.5,4.753837597330367
13762,2025,3.4,1.2881613022567515
13762,2025,8.0,9.416054875787914
13762,2025,6.9,4.137555555555555
13762,2025,6.4,3.331625835189309
13762,2025,6.8,5.428
13762,2025,11.0,12.4
13762,2025,10.8,11.133333333333333
13762,2025,10.9,11.286881005173688
13762,2025,8.6,8.951327433628318
13762,2025,6.9,6.578661475713757
13762,2025,3.6,3.5907777777777774
13762,2025,8.9,7.000184979652239
13762,2025,9.7,11.199999999999998
13762,2025,6.4,3.777926421404682
13762,2025,8.4,5.688728216536893
13762,2025,7.7,8.271444444444445
13762,2025,7.6,7.592047565960609
13762,2025,8.6,9.158518518518518
13762,2025,8.3,6.127431328878991
13762,2025,10.4,10.69
13762,2025,8.8,6.2143703703703705
13762,2025,9.0,5.939748334566987
13762,2025,10.6,7.23233110616184
13762,2025,12.7,7.755875831485588
15018,2024,6.3,2.8596666666666666
15018,2024,9.4,8.880978865406007
15018,2024,6.9,6.4914720059325175
15018,2024,5.1,4.366666666666667
15018,2024,3.0,2.7590825009248987
15018,2024,0.7,-0.618057100482017
15018,2024,6.7,5.6411197626992955
15018,2024,4.5,4.743
15018,2024,12.4,10.550610432852386
15018,2024,10.3,8.925259259259258
15018,2024,2.1,1.4419163891971882
15018,2024,2.4,0.5416666666666666
15018,2024,6.3,5.366666666666667
15018,2024,1.1,0.7183869774324825
15018,2024,2.7,1.8404444444444443
15018,2024,4.9,4.719836855765665
15018,2024,10.5,10.348814814814816
15018,2024,9.4,8.918168335187245
15018,2024,10.2,9.275841657417685
15018,2024,9.5,8.737185185185183
15018,2024,6.8,6.42899517982944
15018,2024,7.9,7.709544950055495
15018,2024,3.3,1.273
15018,2024,0.8,-0.0156644394951744
15018,2024,-0.6,-1.8073333333333332
15018,2024,5.7,5.506444444444444
15018,2024,3.1,2.0463703703703704
15018,2024,7.5,7.11274074074074
15018,2024,6.6,5.798028273809524
15018,2024,5.1,5.071481481481481
15018,2024,3.1,2.1012208657047724
15018,2024,8.9,7.998964113947466
15018,2024,2.9,2.4333333333333336
15018,2024,4.3,0.9
15018,2024,4.4,2.0333333333333337
15018,2024,3.0,3.457111111111111
15018,2024,1.8,0.3439259259259259
15018,2024,6.8,8.928874024526198
15018,2024,6.9,6.518761586948459
15018,2024,5.2,4.83148353681095
15018,2024,6.6,4.961481481481481
15018,2024,8.2,7.059000000000001
15018,2024,3.2,3.5058583611420095
15018,2024,4.8,4.266666666666667
15018,2024,7.6,5.844000000000001
15018,2024,8.3,8.379814814814814
15018,2024,9.3,9.220962962962965
15018,2024,10.7,9.806
15018,2024,5.2,5.3285131627734525
15018,2024,7.2,6.928222222222223
15018,2024,14.6,10.734890619206524
15018,2024,9.5,9.589333333333332
15018,2024,4.9,1.5929629629629631
15018,2024,4.4,4.960592592592592
15018,2024,8.0,7.21337037037037
15018,2024,3.3,3.0405105438401776
15018,2024,7.4,3.229596744358121
15018,2024,11.0,10.176365663322184
15018,2024,12.3,11.066666666666668
15018,2024,10.1,9.8110247872734
15018,2024,7.4,6.810518518518519
15018,2024,4.4,4.112282648908621
15018,2024,8.0,8.547555555555554
15018,2024,5.9,5.152793192748797
15018,2024,6.7,6.493081761006289
15018,2024,6.0,5.8164444444444445
15018,2024,8.9,8.393437152391545
15018,2024,8.6,8.725695216907676
15018,2024,8.7,7.807044864664441
15018,2024,7.8,6.993185185185185
15018,2024,8.5,8.166666666666664
15018,2024,12.4,11.833333333333336
15018,2024,15.0,15.020828708842028
15018,2024,9.1,8.576937337782722
15018,2024,9.3,9.010654827968922
15018,2024,10.1,10.366666666666664
15018,2024,7.2,6.597999999999999
15018,2024,5.6,4.3299259259259255
15018,2024,5.5,5.0014814814814805
15018,2024,8.6,7.880185185185185
15018,2024,5.2,4.581777777777778
15018,2024,3.7,3.6666666666666665
15018,2024,4.8,3.8005925925925936
15018,2024,5.1,4.550148148148148
15018,2024,5.0,2.916777777777778
15018,2024,8.9,8.51672228401928
15018,2024,9.9,8.433333333333334
15018,2024,12.6,12.66722160562338
15018,2024,11.1,10.81703703703704
15018,2024,10.5,11.333333333333334
15018,2024,12.6,11.637777777777776
15018,2025,3.4,2.540148148148148
15018,2025,3.9,3.269781238413052
15018,2025,2.9,2.7028179458657764
15018,2025,2.1,1.2666666666666666
15018,2025,1.4,-0.438074074074074
15018,2025,3.0,3.0281539030706623
15018,2025,-1.7,-3.761549870226178
15018,2025,8.0,7.527118017018128
15018,2025,3.2,3.0666666666666664
15018,2025,6.8,6.866666666666667
15018,2025,7.4,6.73373938722776
15018,2025,7.1,8.166407407407407
15018,2025,8.0,7.400148148148149
15018,2025,4.5,4.033333333333333
15018,2025,0.1,-1.0330003699593044
15018,2025,-1.0,-2.6325925925925926
15018,2025,4.2,3.131850203930293
15018,2025,0.1,-0.7379948205697373
15018,2025,6.3,6.539444444444445
15018,2025,7.5,8.36947835738069
15018,2025,5.1,3.9341851851851857
15018,2025,10.4,10.266666666666667
15018,2025,9.2,8.966666666666667
15018,2025,4.6,3.668962962962963
15018,2025,6.9,7.834556915090842
15018,2025,6.0,5.198592592592592
15018,2025,4.3,-0.2426666666666666
15018,2025,4.6,4.296662958843159
15018,2025,3.4,3.036958934517203
15018,2025,3.1,2.4038518518518517
15018,2025,2.6,2.5461339252682205
15018,2025,0.8,-0.5644839067702554
15018,2025,-0.9,-0.7193488716241214
15018,2025,1.1,-0.2212829069336299
15018,2025,1.8,0.564145346681498
15018,2025,5.5,5.694734890619206
15018,2025,8.9,5.9743988161302255
15018,2025,8.7,6.140666666666667
15018,2025,6.4,6.136333333333333
15018,2025,7.5,7.209232480533927
15018,2025,3.0,2.0764335923048467
15018,2025,3.5,3.570003707823507
15018,2025,3.1,2.27369589345172
15018,2025,-0.9,-2.448498331479422
15018,2025,3.4,0.5965925925925926
15018,2025,1.0,-0.306111111111111
15018,2025,0.5,-0.2505185185185185
15018,2025,3.5,4.346555555555556
15018,2025,5.5,5.175185185185186
15018,2025,11.4,10.844086021505376
15018,2025,6.8,7.057703703703704
15018,2025,7.2,7.662000000000001
15018,2025,4.0,5.066666666666666
15018,2025,10.1,10.076285608583056
15018,2025,9.4,9.13822222222222
15018,2025,9.6,8.38176100628931
15018,2025,8.6,8.197333333333333
15018,2025,7.6,7.428111111111111
15018,2025,10.2,10.077333333333334
15018,2025,6.6,6.300666666666666
15018,2025,4.4,4.7277099519052905
15018,2025,6.2,7.122061549870226
15018,2025,5.1,5.372444444444445
15018,2025,6.7,8.131516499814609
15018,2025,6.1,4.866666666666667
15018,2025,11.2,10.51525925925926
15018,2025,4.7,3.7528364849833142
15018,2025,9.9,10.32911111111111
15018,2025,6.6,4.804888888888889
15018,2025,6.8,4.390841675936225
15018,2025,7.5,7.052275249722529
15018,2025,12.9,12.186777777777776
15018,2025,12.3,12.033333333333337
15018,2025,12.5,12.406918238993711
15018,2025,11.1,10.538666666666666
15018,2025,8.3,7.3523862375138735
15018,2025,6.7,5.267777777777778
15018,2025,6.7,7.0009269558769
15018,2025,10.7,9.770514243433222
15018,2025,8.4,7.686080178173719
15018,2025,11.5,10.109714497589913
15018,2025,12.8,11.689940608760208
15018,2025,9.4,6.302074074074074
15018,2025,10.9,10.223777777777778
15018,2025,10.7,10.466666666666669
15018,2025,12.4,12.433333333333332
15018,2025,9.8,9.007333333333332
15018,2025,8.5,6.858333333333333
15018,2025,8.3,8.215668883961568
15018,2025,13.0,7.942639970337412
14738,2024,5.3,5.107615341856587
14738,2024,9.6,9.104486466444198
14738,2024,5.2,4.9159999999999995
14738,2024,5.3,5.248333333333333
14738,2024,2.4,2.9574546799852017
14738,2024,2.4,3.5280429152793196
14738,2024,4.1,5.933333333333334
14738,2024,6.2,6.561851851851853
14738,2024,12.9,11.165445800961892
14738,2024,10.6,9.3
14738,2024,3.1,3.0387407407407405
14738,2024,3.1,2.509037037037037
14738,2024,6.1,5.866666666666667
14738,2024,4.0,4.497111111111112
14738,2024,4.5,5.046688864224935
14738,2024,7.3,7.440555555555557
14738,2024,11.0,11.033333333333337
14738,2024,8.0,6.904296296296296
14738,2024,10.4,9.637962962962964
14738,2024,9.3,8.453015168331484
14738,2024,5.9,5.295592592592593
14738,2024,8.6,7.733333333333333
14738,2024,3.0,3.0666666666666664
14738,2024,3.1,2.0996300406955233
14738,2024,2.1,1.709111111111111
14738,2024,7.6,6.345098039215686
14738,2024,5.2,4.869256381798002
14738,2024,7.4,7.270370370370371
14738,2024,6.4,5.6882222222222225
14738,2024,7.8,7.533333333333334
14738,2024,5.3,5.136777777777778
14738,2024,9.5,7.656666666666667
14738,2024,4.0,3.582962962962963
14738,2024,3.4,3.1728819829818717
14738,2024,4.4,3.766666666666667
14738,2024,2.1,1.307113129020053
14738,2024,4.8,3.8666666666666663
14738,2024,8.0,6.930595634480207
14738,2024,7.3,6.0744444444444445
14738,2024,5.6,5.706630630630631
14738,2024,6.7,6.088148148148148
14738,2024,6.6,7.364372918978913
14738,2024,5.8,6.268296296296296
14738,2024,7.2,6.654074074074074
14738,2024,7.9,9.460666666666668
14738,2024,8.9,8.803851851851853
14738,2024,11.3,10.064849833147942
14738,2024,9.8,9.949
14738,2024,8.0,8.116666666666667
14738,2024,9.6,9.306370370370372
14738,2024,13.2,12.39848148148148
14738,2024,10.8,10.76948461253244
14738,2024,5.1,5.284000000000001
14738,2024,4.3,2.7955974842767297
14738,2024,8.1,7.132185185185185
14738,2024,3.4,3.197817240103589
14738,2024,7.7,5.62295142751205
14738,2024,12.3,12.438666666666665
14738,2024,12.1,11.435666666666664
14738,2024,10.4,9.704925925925924
14738,2024,7.7,7.080415324024346
14738,2024,7.6,6.132296296296296
14738,2024,9.9,9.620457796852646
14738,2024,8.9,8.40173010380623
14738,2024,9.7,9.76755456899741
14738,2024,9.2,8.905
14738,2024,12.2,11.098555555555556
14738,2024,12.1,11.233592880978868
14738,2024,9.4,7.966962962962962
14738,2024,7.9,7.333111111111111
14738,2024,8.4,7.568222222222222
14738,2024,12.0,11.234222222222224
14738,2024,12.4,11.082537920828711
14738,2024,12.4,12.01511111111111
14738,2024,12.2,12.066666666666668
14738,2024,10.7,9.88088888888889
14738,2024,7.2,6.239333333333333
14738,2024,6.0,4.641472438031816
14738,2024,5.8,5.466666666666666
14738,2024,8.6,7.73732889382168
14738,2024,5.5,4.469888888888889
14738,2024,3.8,3.273777777777778
14738,2024,4.6,3.869259259259259
14738,2024,5.5,5.03474074074074
14738,2024,4.4,2.175767665556789
14738,2024,9.4,8.871444444444444
14738,2024,10.2,9.080000000000002
14738,2024,12.9,12.529777777777776
14738,2024,11.3,10.63148148148148
14738,2024,12.9,10.382074074074074
14738,2024,14.4,11.933333333333332
14738,2025,3.8,3.035296296296296
14738,2025,2.4,2.1537037037037035
14738,2025,2.1,1.6513703703703704
14738,2025,0.0,-0.4114942528735632
14738,2025,0.1,-0.7227155012948576
14738,2025,2.6,2.489666666666667
14738,2025,0.9,-0.3493333333333333
14738,2025,8.3,7.900444444444445
14738,2025,2.4,3.266666666666667
14738,2025,7.1,7.56363300036996
14738,2025,9.0,7.369777777777778
14738,2025,8.9,8.5
14738,2025,9.0,8.269962962962964
14738,2025,4.6,3.96325925925926
14738,2025,0.1,-1.4262962962962962
14738,2025,1.6,0.9102222222222224
14738,2025,2.7,3.2891111111111115
14738,2025,2.3,2.789777777777778
14738,2025,7.4,7.974592592592592
14738,2025,8.3,8.837370370370369
14738,2025,6.8,5.550074074074074
14738,2025,11.2,11.043333333333331
14738,2025,9.4,8.566666666666668
14738,2025,7.5,7.606888888888888
14738,2025,8.8,8.633333333333333
14738,2025,5.5,4.633333333333333
14738,2025,3.0,3.067111111111111
14738,2025,4.5,4.414555555555556
14738,2025,3.3,2.868074074074074
14738,2025,3.1,2.633333333333333
14738,2025,3.4,2.397777777777778
14738,2025,3.7,3.4262962962962966
14738,2025,4.5,4.134444444444445
14738,2025,5.3,4.671444444444444
14738,2025,6.4,5.061111111111111
14738,2025,8.8,8.584
14738,2025,10.4,10.75614814814815
14738,2025,8.9,6.531777777777778
14738,2025,8.5,6.478518518518518
14738,2025,7.6,7.821333333333334
14738,2025,5.4,4.939474657787644
14738,2025,4.0,3.797812384130516
14738,2025,3.3,2.8666666666666667
14738,2025,0.1,-0.6706666666666667
14738,2025,1.9,1.43795782463929
14738,2025,3.6,2.850129485756567
14738,2025,3.3,3.0667037449017425
14738,2025,6.2,6.632519422863485
14738,2025,7.2,7.690063032999628
14738,2025,11.5,12.464779874213836
14738,2025,7.6,6.927333333333333
14738,2025,8.0,7.901333333333334
14738,2025,6.4,5.883758786533481
14738,2025,9.7,9.658444444444443
14738,2025,9.1,8.266666666666667
14738,2025,8.7,7.65135035146134
14738,2025,8.7,7.671555555555556
14738,2025,7.8,7.340341119762699
14738,2025,10.2,9.66440489432703
14738,2025,6.8,6.026777777777778
14738,2025,8.7,7.870884202737699
14738,2025,9.6,8.972770995190528
14738,2025,10.5,8.079555555555554
14738,2025,11.7,10.270366259711432
14738,2025,10.4,10.201333333333332
14738,2025,10.6,8.835035146133926
14738,2025,8.5,6.9650740740740735
14738,2025,11.5,10.933333333333332
14738,2025,9.2,8.275333333333334
14738,2025,8.8,7.630595634480207
14738,2025,10.4,10.071851851851854
14738,2025,12.7,13.36788753237144
14738,2025,12.7,11.969034406215316
14738,2025,13.0,12.333333333333334
14738,2025,11.9,10.367628560858304
14738,2025,8.2,7.436740740740741
14738,2025,5.7,5.834887162412135
14738,2025,10.0,9.446703703703704
14738,2025,11.2,10.576751946607343
14738,2025,10.9,9.369777777777776
14738,2025,11.2,10.331111111111111
14738,2025,12.5,11.429259259259258
14738,2025,9.2,8.166666666666666
14738,2025,10.9,10.00074074074074
14738,2025,10.6,8.667333333333334
14738,2025,12.7,11.86677777777778
14738,2025,11.6,9.800074074074072
14738,2025,12.4,9.667
14738,2025,12.0,10.66648148148148
14738,2025,15.7,11.56588888888889
16482,2024,2.9,3.032851316277345
16482,2024,10.6,9.982962962962963
16482,2024,7.8,7.250444444444444
16482,2024,6.0,5.415111111111111
16482,2024,4.2,4.678925925925926
16482,2024,0.2,0.1188357434186132
16482,2024,4.5,7.279259259259259
16482,2024,4.9,4.723025583982202
16482,2024,12.7,12.313718946978124
16482,2024,10.8,11.097851851851852
16482,2024,3.5,3.458037037037037
16482,2024,1.1,1.163851851851852
16482,2024,6.6,6.935146133925269
16482,2024,2.3,2.422172784575454
16482,2024,1.6,3.003111111111111
16482,2024,5.1,4.586222222222222
16482,2024,10.8,11.748279689234185
16482,2024,9.0,8.214386355209493
16482,2024,11.2,10.488888888888887
16482,2024,10.0,9.622444444444444
16482,2024,6.4,5.542027376988532
16482,2024,8.5,8.466666666666667
16482,2024,4.3,3.6511111111111103
16482,2024,1.7,1.286540600667408
16482,2024,0.1,-0.985682574916759
16482,2024,6.4,6.495925925925926
16482,2024,4.1,3.866666666666667
16482,2024,8.3,8.089185185185185
16482,2024,7.0,6.666666666666667
16482,2024,6.5,6.408111111111111
16482,2024,3.3,2.8569150908416763
16482,2024,9.7,9.428481481481482
16482,2024,4.4,4.160444444444444
16482,2024,4.2,3.8264444444444448
16482,2024,4.0,4.633333333333332
16482,2024,2.4,2.287333333333333
16482,2024,2.8,1.606067332593415
16482,2024,8.6,9.966666666666669
16482,2024,7.6,6.4743618201997775
16482,2024,5.9,5.700593251761217
16482,2024,6.5,6.607222222222221
16482,2024,8.0,8.280873103958564
16482,2024,5.4,4.562222222222222
16482,2024,5.7,6.166666666666667
16482,2024,7.2,6.8964444444444455
16482,2024,8.5,7.67779013718947
16482,2024,10.9,10.52977777777778
16482,2024,11.0,11.43011111111111
16482,2024,6.9,7.881925925925925
16482,2024,7.5,7.890814814814815
16482,2024,13.3,13.702626711061786
16482,2024,11.3,11.82140740740741
16482,2024,6.1,5.6718518518518515
16482,2024,4.3,4.160592592592593
16482,2024,8.7,8.411666666666667
16482,2024,4.6,4.1870144284128745
16482,2024,8.0,8.275619681834998
16482,2024,12.4,12.899
16482,2024,13.4,12.621333333333332
16482,2024,10.7,10.466184649610678
16482,2024,7.3,6.61274074074074
16482,2024,7.1,5.8890248424175
16482,2024,10.2,10.466666666666669
16482,2024,8.0,6.889037037037038
16482,2024,8.7,7.964441972562106
16482,2024,8.1,7.318962962962963
16482,2024,10.8,9.776296296296296
16482,2024,10.5,9.334666666666667
16482,2024,9.5,9.119629629629632
16482,2024,8.1,8.512296296296295
16482,2024,9.0,9.166666666666664
16482,2024,12.8,12.622962962962962
16482,2024,12.9,11.947793845012976
16482,2024,10.8,10.364444444444445
16482,2024,11.3,10.887680355160931
16482,2024,11.4,11.646444444444445
16482,2024,7.8,6.8566666666666665
16482,2024,6.4,5.8964444444444455
16482,2024,6.3,6.525777777777778
16482,2024,9.2,7.631555555555556
16482,2024,6.2,5.69574546799852
16482,2024,4.5,4.495444444444445
16482,2024,5.7,4.866666666666666
16482,2024,6.3,6.075175730669627
16482,2024,5.4,5.085259259259258
16482,2024,9.9,9.62411111111111
16482,2024,10.1,10.65748148148148
16482,2024,13.1,12.89388888888889
16482,2024,11.7,11.184666666666663
16482,2024,12.3,11.266666666666666
16482,2024,14.1,12.19781724010359
16482,2025,4.2,3.660118386977433
16482,2025,3.6,3.2
16482,2025,3.3,3.1122358175750833
16482,2025,1.5,0.6629588431590656
16482,2025,1.6,0.496
16482,2025,3.6,3.8666666666666663
16482,2025,-1.2,-2.426896041435442
16482,2025,8.8,8.376666666666667
16482,2025,3.3,3.792370370370371
16482,2025,6.8,7.507407407407408
16482,2025,8.2,7.140637745643307
16482,2025,8.7,9.106000000000002
16482,2025,8.7,8.58622222222222
16482,2025,5.4,4.966666666666666
16482,2025,0.7,-0.2731409544950055
16482,2025,-1.4,-1.413533555802744
16482,2025,4.5,2.0413051538746756
16482,2025,0.0,1.1704814814814817
16482,2025,7.3,7.588592592592593
16482,2025,8.6,9.122370370370373
16482,2025,5.4,3.7405265109380794
16482,2025,11.4,10.947407407407407
16482,2025,9.6,9.333333333333334
16482,2025,6.3,4.723703703703704
16482,2025,8.9,8.352539859102707
16482,2025,6.1,6.180222222222222
16482,2025,2.9,2.7141111111111114
16482,2025,5.5,5.6080000000000005
16482,2025,4.2,4.078222222222222
16482,2025,4.0,3.955654430849091
16482,2025,2.9,2.511394746577876
16482,2025,2.0,1.4516296296296298
16482,2025,1.8,1.6664446910839803
16482,2025,2.5,2.276111111111111
16482,2025,4.2,3.04862962962963
16482,2025,6.9,7.7666666666666675
16482,2025,10.4,9.90488888888889
16482,2025,9.0,8.082222222222223
16482,2025,7.3,6.026000000000001
16482,2025,8.1,8.113836477987423
16482,2025,5.3,4.3299259259259255
16482,2025,4.4,4.701481481481481
16482,2025,3.5,3.4666666666666672
16482,2025,-0.9,-0.7785053644099149
16482,2025,2.5,1.8233333333333333
16482,2025,2.0,1.5345939933259176
16482,2025,2.4,1.168112717834631
16482,2025,5.8,6.050925925925926
16482,2025,7.0,5.966999630040696
16482,2025,11.7,11.433333333333334
16482,2025,7.6,7.416944136145024
16482,2025,8.3,8.19962962962963
16482,2025,6.4,4.583074074074074
16482,2025,10.6,10.766666666666666
16482,2025,10.1,9.832480533926583
16482,2025,9.7,9.363669996300407
16482,2025,10.0,9.501146873843878
16482,2025,8.7,8.618666666666668
16482,2025,11.1,10.985555555555552
16482,2025,7.6,7.231703703703704
16482,2025,8.0,6.984241750092695
16482,2025,9.4,7.666666666666668
16482,2025,8.1,7.473007044864664
16482,2025,9.4,9.026444444444444
16482,2025,8.6,6.604809470958195
16482,2025,11.6,10.605
16482,2025,9.2,5.315313311086392
16482,2025,11.0,10.675231738969226
16482,2025,8.9,7.803037037037036
16482,2025,8.4,8.142120875046349
16482,2025,9.9,10.231333333333335
16482,2025,13.1,14.366666666666667
16482,2025,12.7,12.514905450500557
16482,2025,13.1,12.803703703703704
16482,2025,12.3,11.510826844642196
16482,2025,9.1,9.110666666666669
16482,2025,6.6,6.464777777777778
16482,2025,8.6,8.94200964034112
16482,2025,11.0,10.666666666666666
16482,2025,10.2,8.623603403625602
16482,2025,12.2,10.785719570847204
16482,2025,13.5,12.46611172770995
16482,2025,10.2,9.910074074074076
16482,2025,11.7,11.205228031145715
16482,2025,11.0,9.966666666666669
16482,2025,13.4,12.566666666666668
16482,2025,10.5,8.877481481481482
16482,2025,12.3,11.125333333333334
16482,2025,10.8,9.637189469781235
16482,2025,14.3,9.633185185185187
17766,2024,0.7,-0.838364779874214
17766,2024,6.9,9.708657047724753
17766,2024,1.7,1.8832408435072143
17766,2024,1.8,-1.0084538375973304
17766,2024,1.2,-0.4667779013718947
17766,2024,2.1,0.3328523862375139
17766,2024,-0.5,-1.451165371809101
17766,2024,4.3,2.252
17766,2024,10.4,9.876418242491658
17766,2024,8.8,9.117647058823527
17766,2024,2.8,1.7848720800889877
17766,2024,-0.1,-1.2548387096774194
17766,2024,3.0,1.8223333333333336
17766,2024,1.0,0.348925925925926
17766,2024,3.3,1.61449758991472
17766,2024,4.8,2.4
17766,2024,5.7,5.979
17766,2024,4.0,3.4587125416204216
17766,2024,8.0,8.737152391546164
17766,2024,7.5,9.620022246941046
17766,2024,3.1,3.4786666666666664
17766,2024,6.6,6.531553578049684
17766,2024,2.9,0.6190211345939932
17766,2024,0.3,-1.0187569367369589
17766,2024,-1.2,-1.8061043285238625
17766,2024,5.1,6.236000000000001
17766,2024,3.3,4.2
17766,2024,6.0,8.476888888888888
17766,2024,1.6,4.723333333333334
17766,2024,5.9,5.16662958843159
17766,2024,0.7,0.7835372636262515
17766,2024,7.2,7.5
17766,2024,3.7,4.747666666666667
17766,2024,2.3,0.8000000000000002
17766,2024,2.9,2.030222222222222
17766,2024,-0.6,1.2018539117538003
17766,2024,2.7,-0.2856666666666667
17766,2024,5.7,6.256444444444444
17766,2024,5.4,5.386333333333335
17766,2024,4.0,4.0
17766,2024,5.9,4.478666666666666
17766,2024,5.8,3.812777777777777
17766,2024,3.4,2.9876529477196887
17766,2024,5.1,4.387888888888889
17766,2024,7.5,3.2000000000000006
17766,2024,5.2,7.599999999999999
17766,2024,8.4,8.207814814814814
17766,2024,6.6,6.132999999999999
17766,2024,5.8,4.885777777777778
17766,2024,6.9,6.320888888888888
17766,2024,7.6,7.747185185185185
17766,2024,6.7,5.62637037037037
17766,2024,4.3,1.2190899001109876
17766,2024,1.7,1.7528364849833151
17766,2024,8.1,8.329966703662597
17766,2024,2.5,3.0171111111111113
17766,2024,4.6,4.0416017797552835
17766,2024,10.6,11.616222222222222
17766,2024,14.7,17.566889136077123
17766,2024,8.4,7.782962962962963
17766,2024,6.4,7.5
17766,2024,4.8,2.9233074361820197
17766,2024,8.6,7.406666666666668
17766,2024,6.1,4.718999999999999
17766,2024,8.9,6.310715609936967
17766,2024,8.4,3.95125925925926
17766,2024,10.4,6.811098779134295
17766,2024,11.6,6.320888888888889
17766,2024,8.0,8.9
17766,2024,7.3,8.490878754171302
17766,2024,4.5,8.422197558268591
17766,2024,7.5,7.291555555555555
17766,2024,10.0,8.30388888888889
17766,2024,10.1,8.403559510567298
17766,2024,9.9,8.206666666666665
17766,2024,9.9,10.704148148148146
17766,2024,6.1,6.908657047724752
17766,2024,4.2,2.989777777777778
17766,2024,1.3,0.1585185185185185
17766,2024,6.9,7.348461253244346
17766,2024,3.3,4.904671857619578
17766,2024,1.8,3.468298109010011
17766,2024,2.9,4.4039955604883465
17766,2024,4.0,6.49981460882462
17766,2024,2.7,1.8057842046718575
17766,2024,7.3,6.899556048834629
17766,2024,8.5,7.100665926748057
17766,2024,11.4,11.733703703703704
17766,2024,9.6,9.73385185185185
17766,2024,10.2,8.502669632925473
17766,2024,11.6,9.30266370699223
17766,2025,1.4,3.0
17766,2025,0.6,0.3800668151447662
17766,2025,-1.2,-1.732261640798226
17766,2025,0.2,-2.3380846325167037
17766,2025,-1.0,-2.3469074074074077
17766,2025,-2.1,-2.7000000000000006
17766,2025,-0.4,-2.7181415929203543
17766,2025,5.9,8.33529411764706
17766,2025,1.6,3.2999999999999994
17766,2025,4.2,5.289655172413793
17766,2025,7.4,5.68930817610063
17766,2025,5.9,6.955555555555556
17766,2025,6.5,6.699999999999999
17766,2025,4.6,5.259012345679013
17766,2025,-1.0,-1.9151447661469931
17766,2025,-0.7,-3.1339226519337022
17766,2025,0.6,-1.080888888888889
17766,2025,-0.3,-1.723651145602365
17766,2025,3.6,2.585777777777778
17766,2025,5.1,6.459576837416481
17766,2025,4.2,3.4043801039346695
17766,2025,9.4,11.870796296296298
17766,2025,7.9,8.0
17766,2025,5.3,3.744407407407408
17766,2025,5.1,4.402002224694105
17766,2025,4.5,2.7000000000000006
17766,2025,0.4,-1.4807621161672215
17766,2025,0.6,2.797579143389199
17766,2025,-0.4,1.8999999999999997
17766,2025,0.3,0.8790878754171301
17766,2025,0.7,-0.5951165371809102
17766,2025,1.0,-0.6301075268817204
17766,2025,1.3,-0.7813125695216909
17766,2025,0.6,-1.109
17766,2025,1.4,-0.1085650723025584
17766,2025,4.5,4.819703703703704
17766,2025,8.7,9.54004449388209
17766,2025,4.4,6.866333703292639
17766,2025,5.2,5.807452725250278
17766,2025,5.8,7.314222222222222
17766,2025,3.2,2.893222222222222
17766,2025,2.0,2.181945985941546
17766,2025,2.1,3.193895671476138
17766,2025,-1.0,-3.4
17766,2025,-1.0,-1.731553578049685
17766,2025,0.7,-0.3
17766,2025,1.4,-1.4272592592592592
17766,2025,3.2,2.5870144284128744
17766,2025,6.5,4.507991120976692
17766,2025,11.0,11.285333333333336
17766,2025,5.1,5.698888888888889
17766,2025,6.2,7.0969966629588415
17766,2025,3.6,2.7000000000000006
17766,2025,6.3,5.336666666666666
17766,2025,6.4,8.8
17766,2025,2.8,5.309444444444445
17766,2025,7.1,9.6
17766,2025,6.6,8.867111111111111
17766,2025,8.6,11.119111111111112
17766,2025,2.8,4.182666666666667
17766,2025,4.2,4.360710321864595
17766,2025,6.4,4.5
17766,2025,6.5,5.335372636262513
17766,2025,8.4,7.058601553829078
17766,2025,7.3,4.1196143863552095
17766,2025,7.0,4.353763440860215
17766,2025,3.7,2.1039955604883462
17766,2025,8.7,8.184888888888889
17766,2025,6.8,4.799999999999999
17766,2025,6.2,3.827302996670366
17766,2025,6.7,5.0
17766,2025,11.2,12.01276359600444
17766,2025,11.0,11.599999999999998
17766,2025,11.5,11.3
17766,2025,9.2,9.585185185185184
17766,2025,7.1,7.489678135405105
17766,2025,3.9,2.8391111111111114
17766,2025,9.2,6.854666666666667
17766,2025,10.6,11.545606229143493
17766,2025,6.1,3.0070740740740742
17766,2025,7.3,5.466666666666666
17766,2025,7.5,5.400000000000001
17766,2025,8.1,7.282222222222222
17766,2025,7.5,5.2940000000000005
17766,2025,7.3,7.553829078801331
17766,2025,11.1,11.199999999999996
17766,2025,8.4,7.452280311457176
17766,2025,8.1,6.867961524232335
17766,2025,9.7,8.451666666666664
17766,2025,13.0,8.397219132369301
21871,2024,5.1,4.756840934371524
21871,2024,9.4,9.17948148148148
21871,2024,5.1,4.3289629629629625
21871,2024,5.1,5.61
21871,2024,2.2,3.299999999999999
21871,2024,2.3,2.859
21871,2024,4.0,6.8
21871,2024,6.1,6.375046347793845
21871,2024,12.7,11.789333333333332
21871,2024,10.5,10.5
21871,2024,2.9,2.7219873934000747
21871,2024,2.9,2.128111111111111
21871,2024,6.0,6.001185185185184
21871,2024,3.8,3.81025925925926
21871,2024,4.4,5.457861635220125
21871,2024,7.2,7.224666666666666
21871,2024,10.9,11.008065112837588
21871,2024,7.8,7.432963374028856
21871,2024,10.3,9.7
21871,2024,9.1,8.559
21871,2024,5.8,4.936740740740741
21871,2024,8.5,7.707370370370371
21871,2024,2.8,2.065
21871,2024,2.9,3.527192008879023
21871,2024,2.0,2.1261191268960413
21871,2024,7.5,6.646014089729329
21871,2024,5.0,4.839599555061179
21871,2024,7.2,7.3
21871,2024,6.2,6.01074074074074
21871,2024,7.7,7.690037037037037
21871,2024,5.2,5.553555555555556
21871,2024,9.3,8.564705882352941
21871,2024,3.8,3.952057842046718
21871,2024,3.3,2.655555555555556
21871,2024,4.2,3.9442222222222223
21871,2024,1.9,0.2577876433592305
21871,2024,4.6,3.4153503893214685
21871,2024,7.9,8.486792452830189
21871,2024,7.2,6.4
21871,2024,5.4,5.576
21871,2024,6.5,6.263851851851852
21871,2024,6.4,6.586888888888887
21871,2024,5.7,6.358222222222222
21871,2024,7.0,6.687680355160932
21871,2024,7.7,9.033333333333331
21871,2024,8.7,7.961524232334443
21871,2024,11.2,9.903666666666666
21871,2024,9.7,8.8
21871,2024,7.9,8.320666666666668
21871,2024,9.5,8.849499443826474
21871,2024,13.0,11.765185185185183
21871,2024,10.6,10.517555555555557
21871,2024,5.0,4.420222222222223
21871,2024,4.2,2.1105185185185187
21871,2024,8.0,7.507786429365962
21871,2024,3.3,3.292555555555555
21871,2024,7.6,7.518962962962963
21871,2024,12.1,13.404449388209123
21871,2024,11.9,11.537481481481482
21871,2024,10.3,10.127481481481482
21871,2024,7.5,7.433333333333334
21871,2024,7.4,6.380000000000001
21871,2024,9.7,9.59222222222222
21871,2024,8.8,7.995777777777778
21871,2024,9.5,9.098705142434332
21871,2024,9.0,8.896555555555555
21871,2024,12.0,11.494994438264738
21871,2024,12.0,11.607399186089529
21871,2024,9.2,8.497666666666667
21871,2024,7.7,7.498220244716352
21871,2024,8.3,7.801553829078801
21871,2024,11.9,12.10800889877642
21871,2024,12.2,11.299223085460602
21871,2024,12.2,12.299
21871,2024,12.1,12.10048094709582
21871,2024,10.5,10.301775804661489
21871,2024,7.1,6.10311111111111
21871,2024,5.9,5.103666666666666
21871,2024,5.6,4.383240843507214
21871,2024,8.5,7.904222222222223
21871,2024,5.4,4.437592592592593
21871,2024,3.6,3.403
21871,2024,4.4,4.098816130225675
21871,2024,5.4,5.1
21871,2024,4.3,2.897
21871,2024,9.2,9.168257491675917
21871,2024,10.1,9.688074074074072
21871,2024,12.7,12.69259259259259
21871,2024,11.1,10.606
21871,2024,12.7,10.381
21871,2024,14.2,11.686666666666664
21871,2025,3.6,3.194555555555556
21871,2025,2.2,2.0335183129855716
21871,2025,1.9,1.037962962962963
21871,2025,-0.1,-1.2511111111111113
21871,2025,-0.0,-1.206074074074074
21871,2025,2.4,2.7000000000000006
21871,2025,0.7,-0.4848888888888889
21871,2025,8.1,8.659333333333333
21871,2025,2.3,3.2999999999999994
21871,2025,7.0,7.320777777777777
21871,2025,8.9,7.4
21871,2025,8.8,8.5
21871,2025,8.8,8.0
21871,2025,4.5,4.007518518518518
21871,2025,-0.1,-1.274341861327401
21871,2025,1.5,1.0875555555555556
21871,2025,2.6,2.247946725860156
21871,2025,2.1,2.847015202076381
21871,2025,7.3,8.0
21871,2025,8.2,9.025333333333332
21871,2025,6.6,5.5
21871,2025,11.0,11.606080830552466
21871,2025,9.3,8.6
21871,2025,7.4,7.099999999999998
21871,2025,8.7,8.836592592592591
21871,2025,5.4,5.296148148148148
21871,2025,2.9,2.328333333333333
21871,2025,4.4,4.590418054014058
21871,2025,3.1,3.200000000000001
21871,2025,3.0,2.629777777777778
21871,2025,3.3,2.320888888888889
21871,2025,3.5,3.256888888888889
21871,2025,4.3,3.820740740740741
21871,2025,5.1,4.401888888888888
21871,2025,6.2,4.663777777777778
21871,2025,8.7,8.09032258064516
21871,2025,10.2,11.343703703703705
21871,2025,8.8,8.366222222222223
21871,2025,8.4,6.466370699223086
21871,2025,7.5,7.654764553207268
21871,2025,5.2,4.59086200517943
21871,2025,3.8,3.9
21871,2025,3.2,2.9333333333333336
21871,2025,-0.0,-0.7520000000000001
21871,2025,1.8,1.373
21871,2025,3.5,2.5582222222222226
21871,2025,3.2,2.924888888888889
21871,2025,6.1,6.152592592592592
21871,2025,7.1,7.476444444444445
21871,2025,11.3,13.546074074074076
21871,2025,7.5,7.138999999999999
21871,2025,7.8,7.781535038932146
21871,2025,6.3,5.83988888888889
21871,2025,9.5,9.8
21871,2025,9.0,8.72711111111111
21871,2025,8.6,8.577604746014089
21871,2025,8.5,7.483203559510567
21871,2025,7.6,7.513984461709212
21871,2025,10.0,9.9
21871,2025,6.6,6.2
21871,2025,8.5,7.657481481481481
21871,2025,9.5,8.824824269330374
21871,2025,10.4,8.846459028550239
21871,2025,11.5,10.599666666666668
21871,2025,10.3,9.759621802002224
21871,2025,10.5,8.98948148148148
21871,2025,8.3,6.793925925925926
21871,2025,11.4,11.15411111111111
21871,2025,9.0,8.468333333333334
21871,2025,8.6,8.086666666666668
21871,2025,10.2,10.184313725490195
21871,2025,12.5,13.422493525712174
21871,2025,12.6,11.96822222222222
21871,2025,12.8,12.31725925925926
21871,2025,11.8,10.699999999999998
21871,2025,8.1,7.300000000000001
21871,2025,5.6,6.066296296296295
21871,2025,9.8,9.43433222345542
21871,2025,11.0,10.800296296296295
21871,2025,10.7,9.5
21871,2025,11.1,10.434742306266225
21871,2025,12.4,11.839807621161672
21871,2025,9.0,8.383906770255273
21871,2025,10.7,10.084074074074074
21871,2025,10.4,8.210456062291435
21871,2025,12.5,11.747052280311458
21871,2025,11.4,9.906548279689233
21871,2025,12.2,9.946333333333332
21871,2025,11.8,10.515296296296295
21871,2025,15.6,11.79111111111111
21804,2024,2.5,0.8000000000000002
21804,2024,10.5,9.7
21804,2024,8.2,7.564187939326674
21804,2024,6.0,5.317777777777778
21804,2024,4.2,4.282315945246022
21804,2024,-0.4,-2.098148148148148
21804,2024,5.5,6.963477938450131
21804,2024,4.9,4.981169071402146
21804,2024,13.0,12.445592592592597
21804,2024,11.5,11.179444444444446
21804,2024,2.3,0.7458379578246392
21804,2024,0.7,-0.679
21804,2024,6.9,7.034222222222221
21804,2024,0.8,0.2831851851851852
21804,2024,1.7,1.5164814814814815
21804,2024,4.5,3.5831668516463187
21804,2024,10.9,10.450092695587692
21804,2024,9.6,9.150222222222222
21804,2024,11.1,10.4
21804,2024,10.1,9.551056729699669
21804,2024,6.3,4.368520578420467
21804,2024,8.5,8.399999999999999
21804,2024,3.8,2.9106666666666667
21804,2024,1.1,0.8248148148148147
21804,2024,0.4,-1.8683703703703705
21804,2024,6.4,6.074823878383389
21804,2024,1.9,1.853163152053274
21804,2024,8.4,8.131037037037038
21804,2024,7.1,6.751242120875046
21804,2024,5.6,5.494734890619206
21804,2024,5.2,1.663851851851852
21804,2024,9.7,8.754555555555555
21804,2024,4.3,4.1
21804,2024,4.1,4.926436781609195
21804,2024,3.9,3.922444444444445
21804,2024,2.7,0.4942962962962963
21804,2024,2.1,1.2679999999999998
21804,2024,8.7,9.9
21804,2024,7.9,7.144469696969697
21804,2024,5.5,5.8293333333333335
21804,2024,6.9,7.428518518518518
21804,2024,7.9,8.648222222222222
21804,2024,4.0,2.796189419163892
21804,2024,5.6,3.949204587495376
21804,2024,5.7,4.3607407407407415
21804,2024,7.9,8.3
21804,2024,10.4,10.0
21804,2024,10.9,11.742962962962965
21804,2024,7.0,5.813614502404735
21804,2024,7.9,7.159333333333332
21804,2024,13.5,13.07306696263411
21804,2024,11.3,11.619948090470892
21804,2024,5.4,3.6200147983721793
21804,2024,4.9,3.4506666666666663
21804,2024,8.8,8.4
21804,2024,4.4,3.799999999999999
21804,2024,8.1,7.237152391546163
21804,2024,12.5,13.204444444444444
21804,2024,12.8,12.033333333333331
21804,2024,10.7,10.9
21804,2024,7.3,8.009333333333334
21804,2024,6.7,5.127512050426399
21804,2024,9.9,10.058798283261805
21804,2024,7.1,5.98364849833148
21804,2024,8.0,7.217333333333333
21804,2024,7.1,5.599999999999999
21804,2024,10.1,9.036555555555555
21804,2024,10.0,8.776195773081202
21804,2024,9.5,8.79340007415647
21804,2024,8.3,7.730777777777778
21804,2024,9.2,9.259378468368478
21804,2024,13.2,12.94511111111111
21804,2024,12.1,9.529633740288569
21804,2024,10.0,8.206666666666667
21804,2024,10.9,10.168038561364478
21804,2024,11.3,11.533333333333331
21804,2024,7.9,7.421888888888891
21804,2024,6.5,5.954666666666666
21804,2024,6.4,6.367408231368186
21804,2024,8.8,8.800444444444445
21804,2024,6.3,5.655481481481481
21804,2024,4.5,4.577999999999999
21804,2024,5.7,4.810913799482057
21804,2024,6.2,5.920555555555557
21804,2024,6.0,4.5523915461624025
21804,2024,9.8,9.542518518518518
21804,2024,10.2,9.921185185185186
21804,2024,13.3,13.164777777777775
21804,2024,11.7,11.220814814814812
21804,2024,11.5,10.454
21804,2024,13.8,11.361555555555558
21804,2025,4.2,3.711555555555556
21804,2025,3.8,3.205
21804,2025,3.5,3.3312940304041527
21804,2025,2.1,-0.0523915461624026
21804,2025,2.1,0.6626666666666667
21804,2025,3.9,4.2
21804,2025,-2.6,-4.536777777777778
21804,2025,8.6,8.5925843529848
21804,2025,3.3,3.9
21804,2025,7.2,7.220814814814815
21804,2025,8.3,7.171153133110865
21804,2025,8.4,8.074592592592591
21804,2025,9.1,8.27702552719201
21804,2025,5.4,4.955913978494624
21804,2025,0.8,-0.1536440991490935
21804,2025,-1.9,-3.248333333333334
21804,2025,4.1,4.606814814814815
21804,2025,-0.8,-1.2666666666666666
21804,2025,7.3,7.413422321097516
21804,2025,7.5,8.980200222469412
21804,2025,5.8,4.118222222222222
21804,2025,11.3,10.978518518518518
21804,2025,9.6,9.313793103448276
21804,2025,4.8,4.136111111111111
21804,2025,8.5,7.600888888888889
21804,2025,6.6,5.977037037037038
21804,2025,1.7,2.2545925925925925
21804,2025,5.5,5.442814814814815
21804,2025,4.3,4.018962962962963
21804,2025,4.1,3.943396226415094
21804,2025,0.7,-1.168814814814815
21804,2025,1.1,-1.385333333333333
21804,2025,0.0,-1.58534961154273
21804,2025,0.7,-1.1922222222222223
21804,2025,1.8,0.1199999999999999
21804,2025,6.2,7.315074074074072
21804,2025,9.6,9.903070662227154
21804,2025,9.0,8.536188357434188
21804,2025,7.6,5.914666666666667
21804,2025,8.2,8.182093969663336
21804,2025,4.4,3.7557407407407406
21804,2025,4.4,4.615612282648907
21804,2025,3.6,3.4
21804,2025,-1.3,-2.7585185185185184
21804,2025,2.4,2.9114814814814807
21804,2025,0.9,-1.2371111111111113
21804,2025,0.7,-1.1192592592592594
21804,2025,5.2,5.259844271412681
21804,2025,6.4,5.7490000000000006
21804,2025,11.8,11.403337041156838
21804,2025,7.7,7.782832777159806
21804,2025,8.3,8.000296296296298
21804,2025,5.7,2.783333333333333
21804,2025,10.8,10.9
21804,2025,10.2,10.01749907510174
21804,2025,9.8,9.85077777777778
21804,2025,9.9,9.532666666666668
21804,2025,8.6,8.551279199110123
21804,2025,11.1,11.0
21804,2025,7.6,7.433333333333333
21804,2025,7.3,6.3
21804,2025,9.3,6.789999999999999
21804,2025,6.9,4.9731851851851845
21804,2025,8.7,7.1037037037037045
21804,2025,8.0,4.974509803921569
21804,2025,11.8,10.506222222222222
21804,2025,8.3,4.709027007029226
21804,2025,11.7,11.138074074074073
21804,2025,8.4,5.6846296296296295
21804,2025,8.3,5.377493511308861
21804,2025,10.0,9.763811642565813
21804,2025,13.1,14.069703703703702
21804,2025,13.0,12.6
21804,2025,13.2,12.9
21804,2025,12.4,11.529851851851852
21804,2025,9.1,8.98882722900481
21804,2025,6.7,6.018576195773081
21804,2025,8.6,9.096041435442102
21804,2025,11.3,10.366666666666667
21804,2025,10.3,9.318798665183538
21804,2025,12.5,10.714460511679643
21804,2025,13.6,12.443222222222222
21804,2025,10.4,9.061968183499811
21804,2025,11.8,11.285756566777655
21804,2025,11.2,10.154949944382649
21804,2025,13.5,13.028179458657767
21804,2025,9.5,8.23466666666667
21804,2025,10.6,8.781317055123935
21804,2025,9.8,8.221876158694846
21804,2025,14.9,8.961777777777778
21096,2024,4.1,1.214074074074074
21096,2024,9.6,9.513096559378466
21096,2024,4.1,0.5734519836855765
21096,2024,4.9,0.193177604746014
21096,2024,1.5,1.3493333333333335
21096,2024,2.7,-0.0067407407407407
21096,2024,3.3,-0.6747777777777777
21096,2024,6.4,4.398148148148148
21096,2024,13.2,12.079407407407407
21096,2024,10.6,10.123666666666669
21096,2024,2.9,1.579023307436182
21096,2024,2.5,0.0333333333333333
21096,2024,6.0,3.1617777777777776
21096,2024,4.1,2.1084444444444443
21096,2024,4.9,2.836225435669262
21096,2024,7.2,4.372222222222222
21096,2024,8.2,6.234666666666667
21096,2024,6.1,3.488616981831665
21096,2024,10.8,9.92295142751205
21096,2024,9.7,9.5
21096,2024,5.4,2.935
21096,2024,8.2,7.615925925925926
21096,2024,3.2,3.9524232334443217
21096,2024,2.5,0.663888888888889
21096,2024,1.6,-0.8559008509064003
21096,2024,7.5,5.871555555555554
21096,2024,5.5,4.14962962962963
21096,2024,7.8,7.74162962962963
21096,2024,6.3,6.5426399703374125
21096,2024,8.2,7.029403040415278
21096,2024,4.5,2.4134444444444445
21096,2024,9.5,9.181333333333331
21096,2024,4.9,5.5217777777777775
21096,2024,3.4,2.9034444444444447
21096,2024,4.7,3.879777777777778
21096,2024,1.9,-1.3333333333333333
21096,2024,4.6,0.1697743248242693
21096,2024,8.3,9.136333333333331
21096,2024,7.2,6.699111111111112
21096,2024,4.9,4.09951905290418
21096,2024,7.5,6.920185185185185
21096,2024,6.9,5.989308176100629
21096,2024,5.5,5.119629629629629
21096,2024,6.4,4.582481481481482
21096,2024,7.9,4.763440860215055
21096,2024,7.4,6.30637037037037
21096,2024,10.0,9.16470588235294
21096,2024,8.7,7.207407407407407
21096,2024,6.6,6.6804661487236405
21096,2024,8.7,6.971560993696699
21096,2024,9.5,8.212444444444444
21096,2024,9.5,9.203033666296708
21096,2024,5.1,2.0279999999999996
21096,2024,2.8,1.1281111111111108
21096,2024,8.2,7.934444444444445
21096,2024,3.7,3.767666666666667
21096,2024,7.9,6.4887902330743605
21096,2024,12.3,13.203262884686684
21096,2024,15.8,13.47748148148148
21096,2024,10.3,10.099406748238785
21096,2024,7.3,7.501555555555556
21096,2024,6.4,4.670662227155014
21096,2024,9.5,10.270222222222223
21096,2024,7.6,6.505190952910642
21096,2024,9.7,7.433222222222223
21096,2024,7.5,5.5
21096,2024,10.5,9.06677777777778
21096,2024,11.5,8.566481481481484
21096,2024,9.7,9.43451851851852
21096,2024,8.3,8.300740740740741
21096,2024,6.9,7.571968854282536
21096,2024,9.6,7.664888888888889
21096,2024,11.1,8.643344456803856
21096,2024,11.9,9.103255641879391
21096,2024,11.4,10.16222222222222
21096,2024,11.3,11.717351091379948
21096,2024,7.3,7.0933407325194215
21096,2024,6.3,4.334518518518518
21096,2024,3.8,3.9413333333333336
21096,2024,8.7,6.436148148148148
21096,2024,4.6,4.617092119866814
21096,2024,4.0,4.06833148353681
21096,2024,5.0,4.964888888888889
21096,2024,5.8,5.6371111111111105
21096,2024,4.6,3.663854975952645
21096,2024,9.5,9.314777777777778
21096,2024,10.0,9.257370370370367
21096,2024,13.1,13.069
21096,2024,11.2,10.871481481481483
21096,2024,12.1,9.143396226415096
21096,2024,13.4,11.164444444444444
21096,2025,4.2,3.533333333333333
21096,2025,2.6,1.2022592592592591
21096,2025,0.9,-1.5548148148148149
21096,2025,0.3,-2.5872222222222225
21096,2025,-0.2,-3.2479792361883577
21096,2025,1.8,-1.8934074074074072
21096,2025,1.4,-3.5125925925925925
21096,2025,9.5,9.54177777777778
21096,2025,2.5,3.5
21096,2025,6.8,6.86
21096,2025,9.3,7.327259259259259
21096,2025,8.6,8.251111111111111
21096,2025,8.1,7.874008157211717
21096,2025,5.8,5.769111111111111
21096,2025,-0.6,-3.1568148148148145
21096,2025,1.6,-0.8812060673325934
21096,2025,2.4,-1.671041898405636
21096,2025,2.6,0.1687407407407408
21096,2025,7.3,7.704444444444444
21096,2025,8.1,8.380333333333335
21096,2025,5.3,3.652
21096,2025,11.4,12.838222222222225
21096,2025,9.7,9.195111111111109
21096,2025,7.2,5.923344432112468
21096,2025,8.0,8.397333333333334
21096,2025,6.3,5.282333333333333
21096,2025,3.2,-0.8064814814814815
21096,2025,4.0,3.479726230114687
21096,2025,2.5,-0.2442962962962963
21096,2025,3.5,0.7735185185185186
21096,2025,3.4,1.0098039215686274
21096,2025,4.0,0.8306666666666668
21096,2025,4.1,0.5922222222222223
21096,2025,3.4,0.0854236034036255
21096,2025,4.7,0.5459999999999999
21096,2025,7.7,6.785888888888889
21096,2025,12.3,11.741333333333335
21096,2025,8.9,6.900000000000001
21096,2025,7.6,5.348000000000001
21096,2025,7.8,7.734406215316317
21096,2025,5.1,3.5755555555555554
21096,2025,4.1,4.680947095819461
21096,2025,3.3,3.4333333333333336
21096,2025,0.0,-1.3814814814814813
21096,2025,1.8,-1.386021505376344
21096,2025,2.8,-0.095
21096,2025,2.8,-0.688037037037037
21096,2025,5.4,4.385020393029292
21096,2025,8.2,4.472080088987765
21096,2025,12.0,13.950444444444445
21096,2025,7.2,7.0
21096,2025,8.1,7.775027746947836
21096,2025,6.2,4.182610307749352
21096,2025,8.0,9.427919911012236
21096,2025,8.0,7.57
21096,2025,6.5,3.638555555555556
21096,2025,8.8,8.753333333333334
21096,2025,8.2,8.732072673340749
21096,2025,10.7,10.90910099889012
21096,2025,5.6,3.485090640029596
21096,2025,6.6,5.758962962962961
21096,2025,8.9,7.23762962962963
21096,2025,9.2,5.171444444444445
21096,2025,9.8,7.388383277839437
21096,2025,9.4,5.786074074074073
21096,2025,9.6,5.527407407407407
21096,2025,7.7,3.508444444444445
21096,2025,10.0,10.103411197626992
21096,2025,9.8,7.685185185185186
21096,2025,7.6,5.433777777777777
21096,2025,8.3,6.5205925925925925
21096,2025,13.0,13.58123841305154
21096,2025,12.5,12.189518518518517
21096,2025,12.3,12.578791249536522
21096,2025,11.6,10.589296296296297
21096,2025,8.5,8.454074074074075
21096,2025,5.4,5.569552349241583
21096,2025,8.6,7.909999999999998
21096,2025,11.6,9.511111111111113
21096,2025,8.5,7.022777777777777
21096,2025,9.8,7.906289308176102
21096,2025,11.6,8.04577777777778
21096,2025,10.1,8.230114687384388
21096,2025,11.0,10.524750277469478
21096,2025,9.5,5.982962962962962
21096,2025,12.8,12.259074074074071
21096,2025,10.4,7.824148148148148
21096,2025,11.4,9.171920088790234
21096,2025,11.0,7.845420837968113
21096,2025,14.1,9.56848148148148
22971,2024,6.7,7.763333333333334
22971,2024,6.0,5.347835738068813
22971,2024,8.1,8.369076751946608
22971,2024,7.0,6.902855024100853
22971,2024,8.4,6.623285131627734
22971,2024,7.5,7.022701149425288
22971,2024,7.9,7.764812754912866
22971,2024,6.9,6.504333333333334
22971,2024,5.3,5.776989247311828
22971,2024,2.0,0.961904761904762
22971,2024,7.4,7.2958934517203105
22971,2024,1.7,2.009148148148148
22971,2024,5.2,3.4818518518518524
22971,2024,10.0,10.429337772844988
22971,2024,13.7,14.601925925925926
22971,2024,8.1,7.930743618201998
22971,2024,6.1,4.837587865334813
22971,2024,5.2,3.3240843507214204
22971,2024,7.5,7.441666666666666
22971,2024,7.4,6.215609936967001
22971,2024,10.3,8.41516499814609
22971,2024,12.4,10.253615127919913
22971,2024,13.4,11.400000000000002
22971,2024,14.5,13.926666666666666
22971,2024,8.1,7.887727104189841
22971,2024,6.9,7.477580466148725
22971,2024,3.7,3.4852592592592595
22971,2024,8.2,7.8551111111111105
22971,2024,11.5,10.861957730812014
22971,2024,12.5,11.007037037037035
22971,2024,10.4,9.633333333333333
22971,2024,9.5,10.006074074074077
22971,2024,5.3,5.620022246941045
22971,2024,4.3,4.246444444444444
22971,2024,0.7,0.0884814814814814
22971,2024,7.9,8.349389567147615
22971,2024,1.7,0.4734149054505007
22971,2024,0.8,0.8420000000000001
22971,2024,1.4,1.5333333333333332
22971,2024,3.0,4.395370370370371
22971,2024,1.5,1.4279629629629629
22971,2024,6.4,7.116537180910099
22971,2024,8.1,7.189371980676328
22971,2024,10.8,10.5771735109138
22971,2024,9.2,8.99488888888889
22971,2024,10.4,11.141324454310029
22971,2024,10.9,9.3
22971,2025,2.1,1.4731851851851852
22971,2025,0.4,1.0907675194660738
22971,2025,-1.7,-0.2666666666666666
22971,2025,0.4,-0.2197997775305895
22971,2025,-0.4,-0.3974444444444445
22971,2025,-0.1,-0.5761481481481482
22971,2025,1.1,1.3977062523122454
22971,2025,6.0,6.189506859473489
22971,2025,2.1,1.8448888888888888
22971,2025,3.8,4.1915555555555555
22971,2025,6.4,6.028344419807835
22971,2025,7.5,7.168148148148148
22971,2025,5.5,6.5
22971,2025,3.9,4.496222222222222
22971,2025,-1.5,-2.3374814814814813
22971,2025,-0.8,-0.7017777777777776
22971,2025,0.7,1.2362962962962962
22971,2025,0.1,-0.0312592592592592
22971,2025,3.5,4.072444444444444
22971,2025,6.8,6.066666666666666
22971,2025,4.8,2.3332592592592594
22971,2025,9.2,9.701035886052534
22971,2025,7.2,7.599999999999999
22971,2025,4.7,4.6651851851851855
22971,2025,5.0,5.002666666666666
22971,2025,4.1,5.4006296296296314
22971,2025,0.4,0.1023333333333333
22971,2025,0.1,0.9703703703703704
22971,2025,-0.0,0.2044395116537181
22971,2025,0.6,0.70125786163522
22971,2025,0.8,1.2666666666666666
22971,2025,1.4,1.8906666666666665
22971,2025,2.0,1.8666666666666665
22971,2025,4.4,2.640740740740741
22971,2025,5.7,3.3646622123236822
22971,2025,8.2,7.619311875693673
22971,2025,9.9,9.88
22971,2025,6.3,6.145370370370371
22971,2025,5.9,5.4307066222715505
22971,2025,6.5,6.057386785449147
22971,2025,3.5,2.051454880294659
22971,2025,1.7,2.2969663337032924
22971,2025,1.5,2.433333333333333
22971,2025,-1.5,-2.1965963743988164
22971,2025,-1.4,-1.382407407407407
22971,2025,1.6,1.9925760950259837
22971,2025,5.6,5.588457269700332
22971,2025,5.7,4.468333333333334
22971,2025,11.1,7.32441731409545
22971,2025,10.3,10.708444444444442
22971,2025,4.6,4.784148148148147
22971,2025,6.0,5.02881982981872
22971,2025,3.0,3.4285398230088493
22971,2025,4.1,4.4477617462079175
22971,2025,4.4,4.628375878653348
22971,2025,3.0,3.710170749814403
22971,2025,6.1,8.015649278579357
22971,2025,5.8,5.029333333333334
22971,2025,8.2,8.283036377134373
22971,2025,2.8,2.672296296296296
22971,2025,4.1,4.524074074074075
22971,2025,9.3,9.756888888888888
22971,2025,7.6,6.948575656677765
22971,2025,7.6,7.881284606866004
22971,2025,7.3,7.381111111111112
22971,2025,7.6,5.9193118756936745
22971,2025,4.4,4.006548279689234
22971,2025,7.8,7.079985201627821
22971,2025,7.1,6.020444444444444
22971,2025,6.2,5.733333333333333
22971,2025,7.2,6.5784530386740325
22971,2025,12.0,12.172636262513905
22971,2025,10.2,10.699999999999998
22971,2025,11.4,10.774111111111113
22971,2025,9.0,8.384831668516464
22971,2025,6.7,6.015464298927117
22971,2025,2.5,2.1728656273199705
22971,2025,10.2,7.82388888888889
22971,2025,9.7,9.5062893081761
22971,2025,6.1,4.158342582315946
22971,2025,7.2,6.4495555555555555
22971,2025,6.6,6.841111111111112
22971,2025,8.4,7.518444444444444
22971,2025,5.9,5.977358490566038
22971,2025,6.5,7.142259259259259
22971,2025,10.7,9.548572487949574
22971,2025,8.0,7.657518518518518
22971,2025,8.7,8.555777777777777
22971,2025,9.2,10.300000000000002
22971,2025,12.1,9.642883686361946
22502,2024,1.5,0.9730370370370368
22502,2024,4.2,4.087666666666666
22502,2024,3.5,1.1117538005190952
22502,2024,2.5,2.1154245457916203
22502,2024,3.0,3.104513503514613
22502,2024,3.6,0.3626666666666667
22502,2024,0.3,-1.4088420273769886
22502,2024,4.1,3.3518518518518516
22502,2024,10.8,9.395094760312151
22502,2024,8.5,8.017223459539718
22502,2024,3.0,2.3484311554078996
22502,2024,0.6,-0.3344432112467629
22502,2024,2.7,2.4669996300406956
22502,2024,2.1,-0.2165555555555555
22502,2024,4.3,1.482222222222222
22502,2024,5.4,3.435775064742878
22502,2024,5.0,6.864296296296297
22502,2024,2.5,1.965851851851852
22502,2024,6.1,7.28583055863855
22502,2024,7.1,7.841119762699295
22502,2024,2.8,1.8899999999999997
22502,2024,6.3,5.933333333333334
22502,2024,2.5,0.4333333333333333
22502,2024,0.9,-0.6601183869774323
22502,2024,0.3,-2.6740000000000004
22502,2024,6.2,5.466
22502,2024,3.4,3.918111111111111
22502,2024,4.8,6.939555555555556
22502,2024,1.5,1.8782222222222225
22502,2024,5.4,5.526222222222222
22502,2024,2.1,-0.3602962962962962
22502,2024,6.9,6.0146296296296295
22502,2024,3.1,2.889666666666667
22502,2024,2.4,1.243111111111111
22502,2024,2.4,2.5046666666666666
22502,2024,-0.4,-1.7938079347423064
22502,2024,4.1,3.7158148148148142
22502,2024,5.2,5.013932002956393
22502,2024,5.0,4.236781609195403
22502,2024,4.5,3.912
22502,2024,4.6,4.756962962962962
22502,2024,4.1,5.0929337772844985
22502,2024,4.3,2.9733333333333336
22502,2024,5.5,4.740777777777777
22502,2024,6.7,5.454666666666666
22502,2024,5.8,4.202962962962962
22502,2024,9.1,7.759185185185185
22502,2024,6.3,6.497367445309602
22502,2024,7.1,5.073074074074073
22502,2024,7.0,6.026296296296298
22502,2024,7.4,7.429041805401406
22502,2024,7.1,5.670222222222224
22502,2024,3.9,2.8373333333333335
22502,2024,1.1,-0.0366259711431742
22502,2024,9.1,8.169481481481482
22502,2024,2.4,1.0053333333333332
22502,2024,4.4,5.359333333333333
22502,2024,9.9,10.533333333333331
22502,2024,14.9,15.5549889135255
22502,2024,8.0,7.530589543937708
22502,2024,6.1,5.85632183908046
22502,2024,3.8,2.7456296296296303
22502,2024,7.8,7.799999999999999
22502,2024,6.9,4.755925925925926
22502,2024,9.7,8.177777777777779
22502,2024,11.7,10.400222222222222
22502,2024,12.9,9.087962962962962
22502,2024,13.9,12.42330743618202
22502,2024,8.0,7.268888888888888
22502,2024,6.6,7.165070527097253
22502,2024,3.2,4.138635520949203
22502,2024,6.7,4.831333333333333
22502,2024,11.5,7.364333333333334
22502,2024,12.2,7.546199480904709
22502,2024,11.9,7.457767890248423
22502,2024,9.4,8.940251572327046
22502,2024,5.1,5.369740740740741
22502,2024,3.0,3.405116796440489
22502,2024,0.9,0.5624444444444444
22502,2024,7.5,8.26222222222222
22502,2024,1.8,0.6611420096403412
22502,2024,1.0,1.689777777777778
22502,2024,1.6,3.038777777777777
22502,2024,3.7,3.860727542687454
22502,2024,1.7,2.1161123429416113
22502,2024,6.2,6.724370370370369
22502,2024,7.8,8.533333333333333
22502,2024,11.6,11.280888888888889
22502,2024,9.4,8.574
22502,2024,10.2,9.633333333333333
22502,2024,11.6,8.733333333333333
22502,2025,1.1,1.069848316685165
22502,2025,1.0,-0.7666666666666666
22502,2025,-0.7,-3.179555555555555
22502,2025,0.3,-3.1894444444444447
22502,2025,0.3,-3.374888888888889
22502,2025,-2.4,-4.012040133779264
22502,2025,1.6,-2.507193177604746
22502,2025,6.3,6.822519509476029
22502,2025,1.9,1.3007751937984495
22502,2025,4.5,4.641333333333334
22502,2025,6.8,6.605902004454343
22502,2025,6.2,7.513716814159292
22502,2025,6.0,5.861873156342183
22502,2025,3.7,4.35456570155902
22502,2025,-2.5,-4.3244444444444445
22502,2025,-0.8,-3.466666666666667
22502,2025,1.2,-1.0563218390804598
22502,2025,0.3,-1.8258435298479792
22502,2025,2.8,2.6741111111111113
22502,2025,6.2,6.200444938820912
22502,2025,3.0,1.8937127976190475
22502,2025,7.8,10.254666666666669
22502,2025,6.6,7.247671840354767
22502,2025,4.4,3.24
22502,2025,4.4,4.510666666666667
22502,2025,4.1,1.8869404365519793
22502,2025,1.4,-0.8287777777777778
22502,2025,0.7,0.949981460882462
22502,2025,-0.8,-2.3666666666666663
22502,2025,0.6,-1.993615441722346
22502,2025,1.4,-1.5576111111111115
22502,2025,2.4,-1.1547169811320757
22502,2025,1.8,-1.3666666666666665
22502,2025,1.6,-1.3844814814814816
22502,2025,1.6,-0.8666666666666667
22502,2025,5.0,6.945971914264599
22502,2025,8.5,8.387389380530973
22502,2025,5.8,4.160215053763441
22502,2025,5.1,4.67819729779752
22502,2025,6.3,5.833036707452725
22502,2025,3.4,2.7537777777777777
22502,2025,1.6,1.3635555555555556
22502,2025,1.3,2.210602678571429
22502,2025,-1.2,-3.1350702143385067
22502,2025,-1.6,-3.1687777777777786
22502,2025,1.9,-1.104888888888889
22502,2025,3.0,4.112037037037037
22502,2025,4.1,3.8427988121752046
22502,2025,8.2,7.436666666666666
22502,2025,10.9,11.144940476190476
22502,2025,4.6,3.6105027932960887
22502,2025,5.9,5.781666666666667
22502,2025,3.6,1.7431111111111113
22502,2025,4.9,6.017948717948718
22502,2025,3.7,4.717573066962634
22502,2025,2.8,2.8777777777777778
22502,2025,6.4,8.133333333333333
22502,2025,4.7,7.230518518518519
22502,2025,8.7,8.330814814814815
22502,2025,2.2,1.087037037037037
22502,2025,4.2,1.8041527623285132
22502,2025,7.0,6.663962962962962
22502,2025,6.6,4.573467112597548
22502,2025,7.2,7.274287828338882
22502,2025,6.9,4.925240206947524
22502,2025,6.5,3.984
22502,2025,3.8,1.6333333333333335
22502,2025,7.8,6.960919540229886
22502,2025,6.8,4.461566888396156
22502,2025,6.4,3.8689134438305706
22502,2025,7.2,5.151531930601698
22502,2025,12.5,12.436182019977805
22502,2025,11.3,10.866666666666667
22502,2025,11.5,10.95929007210205
22502,2025,9.3,8.459333333333333
22502,2025,6.4,6.861481481481482
22502,2025,2.8,2.128422619047619
22502,2025,9.7,8.154555555555556
22502,2025,9.9,10.533333333333331
22502,2025,6.3,3.3291527931927485
22502,2025,7.1,5.546814814814814
22502,2025,6.6,5.766481481481482
22502,2025,7.2,7.533333333333334
22502,2025,6.4,8.241564701520206
22502,2025,6.2,4.734074898034854
22502,2025,10.7,10.099037037037036
22502,2025,8.1,6.466666666666666
22502,2025,8.2,6.233333333333333
22502,2025,10.0,7.003396087117017
22502,2025,13.0,7.53843877173511
22699,2024,2.0,1.363333333333333
22699,2024,4.2,4.2313812154696135
22699,2024,4.5,1.271777777777778
22699,2024,3.6,2.43037037037037
22699,2024,3.8,3.919777777777778
22699,2024,4.3,0.8
22699,2024,1.2,-1.5037819799777528
22699,2024,4.7,3.6314794215795336
22699,2024,10.8,9.741
22699,2024,8.9,8.478942503235348
22699,2024,3.3,2.466961651917404
22699,2024,1.4,-0.1558398220244716
22699,2024,3.0,2.402224694104561
22699,2024,2.8,-0.0786964618249534
22699,2024,5.3,1.663777777777778
22699,2024,6.4,4.00530218761587
22699,2024,5.5,6.217483296213809
22699,2024,3.5,1.8383759733036704
22699,2024,6.7,8.315795328142382
22699,2024,7.3,7.649315575286719
22699,2024,3.2,2.0402452619843925
22699,2024,6.9,6.029777777777778
22699,2024,2.7,0.9476666666666668
22699,2024,1.2,-0.5602805463270579
22699,2024,0.7,-2.5
22699,2024,6.5,5.750259836674089
22699,2024,4.2,4.0962138084632524
22699,2024,5.0,6.8484311554079
22699,2024,2.0,1.8913333333333333
22699,2024,5.8,5.306696428571428
22699,2024,2.7,-0.1688888888888889
22699,2024,7.1,6.3
22699,2024,3.6,2.7346607669616523
22699,2024,2.4,1.8812709030100336
22699,2024,2.5,2.884538375973303
22699,2024,0.8,-1.6750277469478356
22699,2024,5.0,4.299962756052141
22699,2024,5.3,5.400000000000001
22699,2024,5.3,4.860088691796009
22699,2024,5.1,4.1
22699,2024,5.2,4.543961352657004
22699,2024,4.4,5.52890625
22699,2024,5.6,3.019153674832962
22699,2024,6.1,4.535885714285714
22699,2024,7.2,5.388097886540601
22699,2024,6.7,4.2
22699,2024,9.5,8.05011135857461
22699,2024,7.3,6.408037037037037
22699,2024,8.6,5.183999999999999
22699,2024,7.8,6.286
22699,2024,8.4,7.159111111111112
22699,2024,7.7,5.833481976960238
22699,2024,3.9,3.175851851851852
22699,2024,1.6,-0.2522542498152255
22699,2024,9.1,8.334593993325917
22699,2024,2.7,1.0251851851851852
22699,2024,5.7,5.91858407079646
22699,2024,10.0,10.942825361512794
22699,2024,15.1,15.800000000000002
22699,2024,8.1,7.682241953385128
22699,2024,6.1,6.134151785714285
22699,2024,3.9,3.317165005537098
22699,2024,8.1,8.066112956810631
22699,2024,7.6,4.749666666666667
22699,2024,10.5,8.568218773096822
22699,2024,12.5,10.548612652608211
22699,2024,14.6,9.532407407407408
22699,2024,15.2,13.060458240946048
22699,2024,7.7,7.3
22699,2024,6.6,7.015027624309392
22699,2024,3.9,4.002115812917594
22699,2024,8.5,4.690391722099039
22699,2024,12.4,7.1418060200668885
22699,2024,13.6,6.875
22699,2024,12.6,7.040777777777777
22699,2024,9.5,8.9
22699,2024,5.1,4.955913978494624
22699,2024,3.2,3.087153931339978
22699,2024,1.1,0.276
22699,2024,8.0,7.812124582869855
22699,2024,2.1,-1.022222222222222
22699,2024,1.9,1.9157037037037032
22699,2024,1.8,3.406222222222222
22699,2024,3.9,3.6225806451612903
22699,2024,2.2,1.362
22699,2024,6.7,6.807111111111111
22699,2024,8.5,8.059888268156424
22699,2024,11.8,11.702592592592593
22699,2024,9.5,8.676020786933927
22699,2024,11.7,8.113919821826281
22699,2024,11.9,8.3
22699,2025,2.2,0.6999999999999998
22699,2025,2.1,-1.3
22699,2025,0.9,-4.256931060044478
22699,2025,1.6,-4.7715555555555556
22699,2025,0.8,-4.697777777777778
22699,2025,-1.2,-5.368740740740741
22699,2025,2.4,-4.066666666666666
22699,2025,6.6,8.202561247216035
22699,2025,7.3,6.44888888888889
22699,2025,6.6,7.526070038910506
22699,2025,6.3,5.912486064659978
22699,2025,4.1,3.3885428253615135
22699,2025,-1.4,-5.504862657757981
22699,2025,-0.1,-4.425715347454478
22699,2025,2.8,-2.4
22699,2025,0.7,-3.266666666666667
22699,2025,3.9,1.4411939191694474
22699,2025,6.4,6.099999999999999
22699,2025,3.3,0.6192008879023306
22699,2025,8.3,10.900000000000002
22699,2025,7.2,7.2
22699,2025,5.8,3.029
22699,2025,6.0,4.017111111111111
22699,2025,4.3,0.7253333333333334
22699,2025,2.0,-2.4577136514983353
22699,2025,1.1,-0.5426193118756937
22699,2025,-0.4,-3.4000000000000004
22699,2025,2.0,-3.218840579710146
22699,2025,2.1,-2.485428253615128
22699,2025,3.1,-2.702925925925926
22699,2025,2.8,-3.2109877913429523
22699,2025,2.6,-2.5850370370370372
22699,2025,2.2,-1.9548279689234185
22699,2025,4.8,6.039326674065852
22699,2025,8.4,10.4
22699,2025,6.2,6.107777777777778
22699,2025,5.7,4.693007769145394
22699,2025,6.6,5.74
22699,2025,3.5,1.9333333333333331
22699,2025,2.0,0.7052164261931189
22699,2025,1.9,2.3999999999999995
22699,2025,-1.1,-4.261925925925926
22699,2025,-1.1,-4.116204217536071
22699,2025,2.3,-2.3659621802002224
22699,2025,4.0,3.0461111111111103
22699,2025,5.3,3.2980044345898003
22699,2025,9.0,5.649037037037037
22699,2025,11.2,11.750166481687014
22699,2025,5.4,3.647777777777778
22699,2025,6.4,6.132296296296296
22699,2025,4.4,0.7828908554572271
22699,2025,5.1,3.5971111111111114
22699,2025,3.9,2.9999999999999996
22699,2025,4.0,1.7040000000000002
22699,2025,6.7,8.5
22699,2025,6.3,7.258547486033519
22699,2025,8.3,5.729695619896066
22699,2025,2.4,-0.179
22699,2025,4.4,1.0070953436807095
22699,2025,7.8,6.67661469933185
22699,2025,7.0,3.836141906873614
22699,2025,8.5,6.6
22699,2025,7.7,3.091111111111111
22699,2025,7.5,3.5483536810950795
22699,2025,4.3,0.3552222222222222
22699,2025,7.7,6.466333333333333
22699,2025,7.4,3.988222222222222
22699,2025,7.2,2.931666666666666
22699,2025,7.5,4.369
22699,2025,12.5,12.575619681834995
22699,2025,11.5,11.1
22699,2025,11.8,11.171523915461623
22699,2025,9.6,8.7
22699,2025,6.6,7.0892473118279575
22699,2025,3.6,1.5418423973362931
22699,2025,10.1,7.983462819089901
22699,2025,9.9,11.072444444444445
22699,2025,6.4,3.077000000000001
22699,2025,8.0,4.681111111111111
22699,2025,7.1,5.599999999999999
22699,2025,8.0,7.812888888888889
22699,2025,7.0,5.3203252032520325
22699,2025,7.4,3.852709725315515
22699,2025,11.1,10.5
22699,2025,8.6,5.599999999999998
22699,2025,9.4,5.663488543976349
22699,2025,10.9,5.915666666666667
22699,2025,13.9,6.638333333333333
22978,2024,2.9,1.7173526140155728
22978,2024,7.3,5.3085555555555555
22978,2024,4.0,2.6206437291897893
22978,2024,2.5,3.693777777777778
22978,2024,3.2,1.9055493895671471
22978,2024,4.1,2.807325194228634
22978,2024,2.0,0.0986666666666666
22978,2024,6.4,4.36725925925926
22978,2024,12.0,12.339555555555556
22978,2024,9.8,10.804069552349244
22978,2024,3.5,3.4
22978,2024,2.0,0.1365555555555555
22978,2024,3.7,2.8997040325564187
22978,2024,3.9,1.9004439511653717
22978,2024,5.3,3.7975582685904543
22978,2024,7.0,5.634999999999999
22978,2024,7.2,6.706659267480577
22978,2024,4.8,3.900555555555555
22978,2024,9.3,8.40599334073252
22978,2024,8.7,7.795555555555556
22978,2024,4.4,2.509777777777778
22978,2024,7.7,7.11067853170189
22978,2024,3.1,1.703114571746385
22978,2024,2.7,1.610666666666667
22978,2024,1.1,0.0935185185185185
22978,2024,6.5,5.872296296296297
22978,2024,4.7,4.104555555555555
22978,2024,6.8,6.640592592592593
22978,2024,3.3,2.2524814814814818
22978,2024,6.7,6.381465038845727
22978,2024,3.7,2.5647037037037035
22978,2024,8.5,9.02648148148148
22978,2024,4.0,4.306340378197998
22978,2024,3.9,3.406992230854606
22978,2024,3.3,3.050499445061043
22978,2024,0.3,-1.0770255271920088
22978,2024,5.9,3.36366332962551
22978,2024,7.3,8.702703703703703
22978,2024,5.7,6.196740740740741
22978,2024,5.1,2.951091379948206
22978,2024,6.0,4.854666666666667
22978,2024,8.1,6.622777777777777
22978,2024,5.3,5.003262884686689
22978,2024,6.3,5.019851851851852
22978,2024,7.3,7.489655172413793
22978,2024,7.6,5.165333333333334
22978,2024,10.1,8.9
22978,2024,8.3,7.018238993710693
22978,2024,7.4,6.969185185185186
22978,2024,8.1,6.788209121245829
22978,2024,8.7,6.960555555555556
22978,2024,9.9,7.411444444444444
22978,2024,4.9,3.9045606229143495
22978,2024,1.4,0.0433333333333333
22978,2024,7.5,7.7666666666666675
22978,2024,1.7,3.2407119021134596
22978,2024,7.1,7.47362962962963
22978,2024,12.5,13.314518518518518
22978,2024,15.7,15.549367088607596
22978,2024,9.8,9.885222222222222
22978,2024,7.2,7.196666666666667
22978,2024,6.6,3.761592592592593
22978,2024,8.9,10.13651498335183
22978,2024,8.2,5.915871254162043
22978,2024,11.1,8.716093229744727
22978,2024,7.9,9.47684054753977
22978,2024,10.0,10.194376618571956
22978,2024,11.4,9.966222222222225
22978,2024,8.7,8.117111111111111
22978,2024,7.2,7.417483296213809
22978,2024,5.6,3.858954393770856
22978,2024,8.3,6.527919911012234
22978,2024,11.8,9.14256581386726
22978,2024,12.1,9.770444444444443
22978,2024,11.5,9.541925925925929
22978,2024,10.4,9.761820199778024
22978,2024,6.3,5.8355555555555565
22978,2024,5.0,4.345888888888888
22978,2024,2.5,0.5200887902330744
22978,2024,7.9,7.022197558268591
22978,2024,2.6,0.1087037037037037
22978,2024,3.2,1.8124444444444443
22978,2024,4.3,2.733333333333333
22978,2024,5.0,4.371111111111111
22978,2024,3.6,1.1860895301516832
22978,2024,8.4,9.033333333333331
22978,2024,9.6,10.387652947719689
22978,2024,12.2,12.45611111111111
22978,2024,10.6,9.974333333333334
22978,2024,11.8,10.431076581576027
22978,2024,12.3,10.394074074074071
22978,2025,2.5,1.6992222222222222
22978,2025,2.7,1.1152222222222223
22978,2025,0.6,-1.4657397107897665
22978,2025,1.1,-1.7432852386237514
22978,2025,1.2,-1.3092695587690024
22978,2025,0.3,-1.8
22978,2025,2.1,0.1533333333333333
22978,2025,7.5,9.033333333333337
22978,2025,2.9,1.8623703703703705
22978,2025,6.8,6.497
22978,2025,8.1,8.571254162042175
22978,2025,8.6,8.719466073414905
22978,2025,6.6,7.088666666666666
22978,2025,5.4,5.053111111111112
22978,2025,-1.7,-3.210543840177581
22978,2025,1.3,-0.2454814814814814
22978,2025,2.7,0.2
22978,2025,2.9,0.5
22978,2025,5.9,7.5850906400295965
22978,2025,7.3,7.617352614015571
22978,2025,4.3,2.8168888888888883
22978,2025,10.6,11.536108028116908
22978,2025,9.2,8.46925925925926
22978,2025,6.9,5.506962962962962
22978,2025,7.1,6.428888888888889
22978,2025,5.3,5.400000000000001
22978,2025,2.1,0.3196666666666666
22978,2025,2.6,2.6124306326304105
22978,2025,1.0,-0.2628148148148148
22978,2025,2.1,-0.1054444444444444
22978,2025,2.9,0.8999999999999999
22978,2025,3.0,1.0682574916759158
22978,2025,3.0,0.8043333333333336
22978,2025,4.4,4.384925925925926
22978,2025,4.3,4.716962962962963
22978,2025,8.3,8.214942528735632
22978,2025,10.9,9.336559139784947
22978,2025,8.9,7.8
22978,2025,5.6,5.394037037037038
22978,2025,6.4,6.698444444444444
22978,2025,5.0,2.796666666666666
22978,2025,2.9,2.466666666666667
22978,2025,2.1,2.5682962962962965
22978,2025,0.1,-1.896448390677025
22978,2025,0.3,-2.299111111111111
22978,2025,2.7,1.233481317055124
22978,2025,2.7,0.8000000000000002
22978,2025,4.9,4.43481317055124
22978,2025,7.4,6.702663706992231
22978,2025,11.3,12.701001112347049
22978,2025,5.8,3.968592592592593
22978,2025,7.0,6.465481481481481
22978,2025,5.0,2.904666666666667
22978,2025,7.0,6.286132740081572
22978,2025,5.6,4.637777777777779
22978,2025,4.9,3.935333333333334
22978,2025,8.0,8.0
22978,2025,7.9,8.139259259259259
22978,2025,10.2,8.946296296296294
22978,2025,3.9,2.217834631071561
22978,2025,5.0,4.804444444444444
22978,2025,8.1,8.441296296296295
22978,2025,8.3,6.636670374490174
22978,2025,8.7,7.305333333333333
22978,2025,8.2,5.539000000000001
22978,2025,8.8,8.094117647058823
22978,2025,7.7,4.612235817575083
22978,2025,9.6,8.106340378197997
22978,2025,9.2,8.82
22978,2025,8.1,6.099999999999998
22978,2025,8.7,6.695185185185185
22978,2025,12.3,12.140888888888888
22978,2025,11.7,11.39488888888889
22978,2025,11.6,11.733333333333334
22978,2025,11.2,9.661043285238623
22978,2025,7.1,6.930478309232481
22978,2025,3.9,2.0940000000000003
22978,2025,10.2,8.281555555555556
22978,2025,10.3,10.72863485016648
22978,2025,8.0,5.1398518518518514
22978,2025,8.2,7.249444444444444
22978,2025,8.2,6.450555555555557
22978,2025,9.3,7.299999999999999
22978,2025,9.3,7.947555555555555
22978,2025,8.3,6.088777777777777
22978,2025,11.6,10.99237037037037
22978,2025,9.3,7.358333333333333
22978,2025,9.6,8.246666666666668
22978,2025,10.3,8.087777777777777
22978,2025,13.4,8.487444444444444
12092,2024,1.3,3.5666666666666664
12092,2024,9.1,10.699999999999998
12092,2024,1.8,3.797185185185185
12092,2024,1.7,3.008888888888889
12092,2024,-1.7,1.1147407407407406
12092,2024,1.0,2.1343703703703705
12092,2024,0.1,2.4375508694043657
12092,2024,4.2,5.783407407407408
12092,2024,13.1,12.87077777777778
12092,2024,10.9,10.220207638116426
12092,2024,1.9,3.207860585836115
12092,2024,1.3,2.572807991120977
12092,2024,6.4,7.602298850574712
12092,2024,1.0,2.818386977432483
12092,2024,2.4,4.717444444444444
12092,2024,5.9,7.135333333333333
12092,2024,7.8,8.084555555555557
12092,2024,3.5,5.489851851851852
12092,2024,11.3,11.375555555555556
12092,2024,10.3,9.9850166481687
12092,2024,4.1,4.860636330003699
12092,2024,8.1,8.566666666666666
12092,2024,4.1,6.857333333333333
12092,2024,2.3,3.271587125416204
12092,2024,0.4,1.0620370370370371
12092,2024,6.6,6.995412504624491
12092,2024,4.2,4.47562962962963
12092,2024,8.4,8.446651868294486
12092,2024,1.9,3.958
12092,2024,7.2,7.056
12092,2024,3.9,4.99574074074074
12092,2024,9.9,8.787458379578247
12092,2024,5.6,5.995888888888889
12092,2024,5.0,4.836293007769145
12092,2024,5.2,6.458814814814814
12092,2024,0.4,0.48834628190899
12092,2024,4.2,3.8809259259259257
12092,2024,8.4,8.681777777777777
12092,2024,7.0,6.889000000000001
12092,2024,5.3,5.33762962962963
12092,2024,7.8,8.921333333333333
12092,2024,8.6,9.71288888888889
12092,2024,4.6,5.237185185185185
12092,2024,6.1,6.786777777777777
12092,2024,7.0,7.3745925925925935
12092,2024,6.4,6.782666666666667
12092,2024,9.9,10.510222222222222
12092,2024,8.7,8.285
12092,2024,6.4,8.08534961154273
12092,2024,6.7,7.804666666666666
12092,2024,9.5,9.465148148148147
12092,2024,10.2,11.062328513162775
12092,2024,7.7,8.79840917499075
12092,2024,1.5,1.7906666666666666
12092,2024,8.7,9.096218020022247
12092,2024,4.3,4.572777777777778
12092,2024,7.4,7.332148148148148
12092,2024,12.1,13.334444444444443
12092,2024,16.2,15.935407407407403
12092,2024,10.6,10.502
12092,2024,7.4,8.536222222222221
12092,2024,6.3,5.737957824639289
12092,2024,9.7,11.097444444444443
12092,2024,7.8,8.03984461709212
12092,2024,9.6,10.914761376248611
12092,2024,7.0,7.985645578986311
12092,2024,10.5,10.982
12092,2024,10.3,10.717185185185183
12092,2024,9.8,10.100555555555555
12092,2024,8.9,8.999037037037036
12092,2024,8.5,10.098666666666666
12092,2024,7.9,7.272962962962963
12092,2024,10.0,9.835001853911754
12092,2024,10.3,10.70059259259259
12092,2024,10.4,9.368222222222222
12092,2024,12.0,12.866481481481484
12092,2024,7.7,8.499075101738809
12092,2024,7.1,7.299666666666667
12092,2024,5.5,7.500184979652237
12092,2024,9.7,10.500110987791343
12092,2024,6.2,6.466444444444444
12092,2024,4.6,4.766851646318904
12092,2024,5.8,5.5675565443084905
12092,2024,6.5,6.9339259259259265
12092,2024,5.7,5.598520162782093
12092,2024,9.5,10.232925472747496
12092,2024,10.0,10.161857195708471
12092,2024,12.9,12.701037037037036
12092,2024,12.3,11.199999999999998
12092,2024,11.9,10.60754716981132
12092,2024,14.2,12.362
12092,2025,3.7,4.056751757306697
12092,2025,1.4,2.797703703703704
12092,2025,-0.4,-0.997925925925926
12092,2025,-0.7,-2.1019259259259258
12092,2025,-1.5,-1.680777777777778
12092,2025,-0.1,-1.4219873934000744
12092,2025,-1.1,-1.1693333333333331
12092,2025,9.0,8.996444444444444
12092,2025,2.6,3.5
12092,2025,7.0,7.5
12092,2025,9.1,8.632518518518518
12092,2025,9.0,8.632666666666665
12092,2025,7.3,8.53214814814815
12092,2025,6.8,7.215
12092,2025,-1.7,-2.815
12092,2025,0.0,-1.299815020347762
12092,2025,0.8,0.5671111111111111
12092,2025,2.9,3.9153333333333338
12092,2025,7.2,8.315333333333333
12092,2025,7.9,9.383074074074074
12092,2025,4.3,4.683666666666667
12092,2025,11.6,12.801557285873194
12092,2025,10.5,9.732444444444443
12092,2025,6.7,7.0120000000000005
12092,2025,8.7,9.466666666666669
12092,2025,6.6,7.678925925925927
12092,2025,1.2,0.5145024047354791
12092,2025,6.2,4.2797777777777775
12092,2025,1.7,1.3038888888888889
12092,2025,0.6,0.6509084167593622
12092,2025,1.8,1.8473333333333335
12092,2025,1.8,2.2693703703703703
12092,2025,2.3,2.1465555555555556
12092,2025,4.0,4.209640341119762
12092,2025,4.9,6.566111727709952
12092,2025,8.1,9.97
12092,2025,12.5,12.438814814814815
12092,2025,8.8,8.817092119866814
12092,2025,7.2,6.9726733407489805
12092,2025,8.6,8.672888888888888
12092,2025,4.7,4.411777777777779
12092,2025,4.7,4.411555555555556
12092,2025,3.5,4.1113333333333335
12092,2025,-0.6,-1.5556666666666668
12092,2025,-0.6,-1.101
12092,2025,1.4,1.6601851851851852
12092,2025,2.6,2.9727777777777775
12092,2025,5.9,6.628962962962962
12092,2025,7.0,8.256618464961068
12092,2025,11.5,13.24251851851852
12092,2025,6.4,5.814983351831298
12092,2025,8.1,7.823618835743419
12092,2025,5.1,4.897888888888889
12092,2025,10.0,10.98364849833148
12092,2025,8.9,6.2
12092,2025,4.7,4.4105808361080285
12092,2025,9.7,9.930185185185186
12092,2025,9.4,10.097144975899148
12092,2025,11.5,11.800000000000002
12092,2025,5.0,4.167816091954023
12092,2025,7.6,7.0725185185185175
12092,2025,9.3,9.494074074074074
12092,2025,8.0,6.966666666666666
12092,2025,9.9,8.92714126807564
12092,2025,8.4,7.364664441972563
12092,2025,9.7,9.88577777777778
12092,2025,8.0,8.179134295227525
12092,2025,9.9,9.799814814814816
12092,2025,9.0,11.24
12092,2025,7.6,8.419703703703703
12092,2025,8.6,9.384352984797925
12092,2025,14.4,14.385925925925928
12092,2025,13.1,12.833333333333334
12092,2025,12.8,12.753592592592591
12092,2025,11.6,11.199999999999996
12092,2025,9.0,9.325925925925926
12092,2025,6.7,7.387111111111112
12092,2025,9.4,9.466666666666669
12092,2025,10.9,10.85120236773955
12092,2025,8.1,7.950074074074073
12092,2025,11.5,8.925407407407407
12092,2025,12.8,11.242666666666668
12092,2025,10.2,10.612606599925844
12092,2025,11.4,11.6
12092,2025,9.6,6.537513873473918
12092,2025,12.6,12.454208379681129
12092,2025,9.7,9.292222222222222
12092,2025,11.4,9.704814814814814
12092,2025,9.6,9.034776174620792
12092,2025,13.2,10.15090841675936
21801,2024,3.2,1.1913751619470665
21801,2024,10.1,9.592000000000002
21801,2024,7.7,3.4333333333333336
21801,2024,6.0,5.278888888888889
21801,2024,4.2,4.254764553207267
21801,2024,0.4,-1.8783333333333332
21801,2024,3.4,6.98574074074074
21801,2024,5.5,5.362925925925926
21801,2024,13.6,12.659666666666665
21801,2024,11.2,11.328740740740743
21801,2024,2.3,0.9
21801,2024,1.2,-0.5023677395486497
21801,2024,6.6,6.876666666666667
21801,2024,1.8,0.2049574546799852
21801,2024,2.7,1.614391416944136
21801,2024,5.7,3.957444444444445
21801,2024,11.2,10.324121346651868
21801,2024,9.4,9.366666666666667
21801,2024,11.1,10.102888888888888
21801,2024,10.0,9.627635960044394
21801,2024,5.4,3.786296296296296
21801,2024,8.8,8.333333333333334
21801,2024,3.2,2.5511111111111107
21801,2024,1.6,0.8678518518518518
21801,2024,0.9,-0.6746666666666666
21801,2024,7.1,6.926333333333332
21801,2024,2.9,1.7333333333333334
21801,2024,8.1,7.997814814814815
21801,2024,7.0,6.729111111111111
21801,2024,5.7,5.625185185185185
21801,2024,5.5,2.047074074074074
21801,2024,9.8,9.345911949685537
21801,2024,4.3,4.266666666666667
21801,2024,3.5,3.424814814814815
21801,2024,3.2,3.398518518518519
21801,2024,1.5,-0.7442101368849428
21801,2024,3.1,1.2536666666666665
21801,2024,9.4,9.738962962962962
21801,2024,7.7,7.167992424242424
21801,2024,6.2,6.277666666666667
21801,2024,6.2,7.160925925925926
21801,2024,7.4,8.21142009640341
21801,2024,4.7,2.3423333333333334
21801,2024,6.1,4.128703703703703
21801,2024,6.8,4.335886052534221
21801,2024,7.7,7.672888888888889
21801,2024,10.9,10.036851851851852
21801,2024,9.9,11.264666666666663
21801,2024,7.4,5.566073414905451
21801,2024,8.4,6.330555555555555
21801,2024,13.3,14.032369299221356
21801,2024,11.2,11.068705969595849
21801,2024,5.5,3.039259259259259
21801,2024,4.4,2.171106178320385
21801,2024,8.6,8.166666666666666
21801,2024,4.3,3.966777901371895
21801,2024,8.4,7.499332591768631
21801,2024,12.9,13.133333333333333
21801,2024,12.8,11.93344456803856
21801,2024,10.7,9.968442471328157
21801,2024,7.6,7.974400286430361
21801,2024,7.2,4.568001483129403
21801,2024,10.2,9.533852428624398
21801,2024,7.8,6.031688125894135
21801,2024,8.6,6.402037037037038
21801,2024,7.8,5.131779504254532
21801,2024,10.7,8.834371523915461
21801,2024,10.8,8.039265850945494
21801,2024,9.6,9.334
21801,2024,8.3,7.568777777777778
21801,2024,8.8,8.969111111111111
21801,2024,13.1,12.968444444444446
21801,2024,11.9,8.345370370370372
21801,2024,10.9,7.740074074074074
21801,2024,11.7,10.142333333333331
21801,2024,11.3,10.588124306326304
21801,2024,7.9,7.229888888888889
21801,2024,6.6,5.87259918427883
21801,2024,6.3,6.33462962962963
21801,2024,7.8,7.726666666666667
21801,2024,6.2,5.437560252131998
21801,2024,4.4,4.365149833518313
21801,2024,5.5,4.734961154273029
21801,2024,6.2,5.665000000000001
21801,2024,4.9,3.791296296296297
21801,2024,9.8,9.540584535701072
21801,2024,10.2,10.02037037037037
21801,2024,13.4,13.46470588235294
21801,2024,11.8,11.166666666666666
21801,2024,11.8,10.060555555555558
21801,2024,14.3,10.833333333333334
21801,2025,4.3,3.733333333333333
21801,2025,3.7,2.6410000000000005
21801,2025,3.3,3.1277345198368556
21801,2025,1.6,0.992
21801,2025,1.7,-3.164261931187569
21801,2025,3.8,4.180259259259259
21801,2025,-1.5,-4.321134593993326
21801,2025,9.8,9.513037037037035
21801,2025,3.3,3.966666666666667
21801,2025,7.5,7.486281053021877
21801,2025,8.8,7.673748609566184
21801,2025,8.5,8.466666666666667
21801,2025,9.3,8.294401186503523
21801,2025,5.4,4.657047724750277
21801,2025,0.7,-0.2128148148148148
21801,2025,-0.0,-3.096922506488691
21801,2025,4.2,1.1340740740740742
21801,2025,0.6,-1.3461253244345568
21801,2025,7.8,7.704041527623286
21801,2025,8.2,9.133333333333333
21801,2025,6.8,5.57593622543567
21801,2025,11.7,11.029929707732151
21801,2025,9.7,9.269848316685165
21801,2025,5.5,4.5665555555555555
21801,2025,9.1,8.25562962962963
21801,2025,6.4,4.852962962962963
21801,2025,1.8,0.4155555555555555
21801,2025,5.3,5.501960784313724
21801,2025,4.1,4.123381428042915
21801,2025,3.8,3.988394512421208
21801,2025,0.8,-1.2666666666666666
21801,2025,2.3,-0.5676285608583056
21801,2025,1.2,-1.6993710691823902
21801,2025,4.5,-1.11165371809101
21801,2025,2.9,0.4668516463189049
21801,2025,7.4,6.9222222222222225
21801,2025,11.2,10.60975157582499
21801,2025,9.3,8.621481481481482
21801,2025,7.4,6.433999999999999
21801,2025,7.7,8.410839807621162
21801,2025,4.6,3.711851851851851
21801,2025,4.4,4.6106414534668145
21801,2025,3.8,3.4561111111111114
21801,2025,-0.6,-2.2706666666666666
21801,2025,2.2,1.3007407407407408
21801,2025,1.3,-1.2845012977382275
21801,2025,2.0,-1.1417684054753978
21801,2025,5.6,4.974555555555556
21801,2025,6.7,5.256666666666667
21801,2025,11.6,11.366147571375604
21801,2025,7.9,7.737
21801,2025,8.4,7.966666666666667
21801,2025,6.0,3.145431002589715
21801,2025,10.5,10.80425453200148
21801,2025,10.0,9.866666666666667
21801,2025,9.8,9.166666666666666
21801,2025,9.6,9.161777777777775
21801,2025,8.5,8.238413051538748
21801,2025,11.0,10.981333333333334
21801,2025,7.4,7.266666666666666
21801,2025,7.4,5.994364108268446
21801,2025,9.9,6.991851851851851
21801,2025,9.2,4.7700000000000005
21801,2025,11.1,6.742360340362561
21801,2025,8.1,4.883351872450872
21801,2025,11.3,8.981592592592593
21801,2025,8.4,4.100407860585836
21801,2025,11.6,10.910604375231738
21801,2025,8.9,5.650814814814815
21801,2025,8.5,5.002000000000001
21801,2025,10.0,9.322
21801,2025,13.1,13.541888888888892
21801,2025,13.1,12.383703703703704
21801,2025,13.2,12.866666666666667
21801,2025,12.3,11.366666666666667
21801,2025,9.0,8.574962962962964
21801,2025,6.7,6.432444444444444
21801,2025,9.6,8.783037037037037
21801,2025,11.2,10.565741768405475
21801,2025,10.3,9.122988505747127
21801,2025,12.4,11.233333333333334
21801,2025,13.6,12.282518518518518
21801,2025,10.0,9.126222222222223
21801,2025,11.7,11.092156862745098
21801,2025,11.0,10.189173155357803
21801,2025,13.5,12.920444444444446
21801,2025,10.1,8.435666666666666
21801,2025,11.2,8.616167221605624
21801,2025,10.9,7.606222222222224
21801,2025,14.6,8.07325194228635
23655,2024,4.1,5.663115057343692
23655,2024,8.6,7.771106178320386
23655,2024,4.0,4.67669256381798
23655,2024,3.6,5.066666666666666
23655,2024,1.9,3.1345198368557665
23655,2024,2.9,5.813148148148148
23655,2024,2.9,3.5964444444444443
23655,2024,6.3,6.434666666666665
23655,2024,11.4,11.330555555555556
23655,2024,10.7,10.235187245087134
23655,2024,3.2,4.259896411394747
23655,2024,2.1,1.8898148148148144
23655,2024,5.3,4.666666666666667
23655,2024,4.8,5.3100000000000005
23655,2024,5.4,5.425777777777778
23655,2024,7.0,7.956962962962963
23655,2024,8.3,8.890359658880238
23655,2024,5.7,4.9
23655,2024,9.7,8.366666666666667
23655,2024,8.6,6.550333333333332
23655,2024,4.8,5.0574814814814815
23655,2024,7.7,7.12424916573971
23655,2024,3.1,3.247333333333333
23655,2024,2.8,2.834036256011839
23655,2024,0.8,1.1912866147571377
23655,2024,6.7,5.640971449758991
23655,2024,5.1,5.041787170930664
23655,2024,6.9,5.850018539117538
23655,2024,4.6,4.09
23655,2024,7.4,7.632444444444443
23655,2024,3.6,4.144
23655,2024,8.0,7.2175730669626335
23655,2024,4.2,3.3411481481481484
23655,2024,3.6,1.7915555555555556
23655,2024,3.5,1.1300740740740742
23655,2024,1.2,-1.6
23655,2024,5.9,4.335333333333334
23655,2024,8.7,6.5810530218761585
23655,2024,5.8,5.452518518518518
23655,2024,5.2,3.1844074074074067
23655,2024,6.0,3.293222222222222
23655,2024,6.7,3.959822419533851
23655,2024,6.9,5.213051538746756
23655,2024,7.0,5.633333333333333
23655,2024,8.0,6.466666666666666
23655,2024,8.4,5.206229143492769
23655,2024,10.2,9.166666666666666
23655,2024,9.2,7.4028888888888895
23655,2024,7.7,7.019259259259259
23655,2024,8.8,6.591786903440623
23655,2024,11.0,7.38960414354421
23655,2024,9.4,8.637666666666666
23655,2024,5.1,2.989037037037037
23655,2024,2.9,-0.0398148148148148
23655,2024,7.5,7.977196885428253
23655,2024,2.9,2.772339636633296
23655,2024,7.3,6.208666666666667
23655,2024,12.9,13.066666666666668
23655,2024,15.7,14.774222222222225
23655,2024,9.3,9.366666666666667
23655,2024,7.3,7.649555555555555
23655,2024,5.9,6.263854975952645
23655,2024,9.1,10.163999999999998
23655,2024,8.4,8.39231950844854
23655,2024,10.1,13.014666666666669
23655,2024,8.8,12.066666666666668
23655,2024,10.7,12.06311111111111
23655,2024,12.1,12.513333333333332
23655,2024,8.5,7.531924360400445
23655,2024,7.5,6.483777777777777
23655,2024,6.6,6.487096774193548
23655,2024,9.0,9.222666666666663
23655,2024,12.4,12.088394512421209
23655,2024,13.2,13.654074074074074
23655,2024,13.1,12.390935997040328
23655,2024,10.3,9.813666666666666
23655,2024,6.2,5.322222222222223
23655,2024,5.4,4.48457269700333
23655,2024,3.2,2.982906933629959
23655,2024,8.0,6.963181312569521
23655,2024,4.0,3.881761006289308
23655,2024,2.9,2.1517037037037037
23655,2024,4.0,2.7556544308490913
23655,2024,4.9,4.058880237300706
23655,2024,3.6,2.454347021827599
23655,2024,8.7,9.279652238253792
23655,2024,9.9,9.278197997775306
23655,2024,12.0,11.909555555555556
23655,2024,10.6,10.066666666666666
23655,2024,12.0,12.090085090640027
23655,2024,12.6,11.066666666666668
23655,2025,2.8,2.6275120504264
23655,2025,2.1,1.7194444444444443
23655,2025,0.2,-0.0947407407407407
23655,2025,0.2,-1.2914814814814817
23655,2025,-0.0,-0.262
23655,2025,0.8,-0.2866666666666666
23655,2025,1.1,2.6413333333333333
23655,2025,8.5,8.596032628846867
23655,2025,2.7,3.0666666666666664
23655,2025,7.0,6.921888888888889
23655,2025,8.8,8.666666666666664
23655,2025,8.6,8.239333333333333
23655,2025,7.5,7.45139043381535
23655,2025,5.0,3.805037037037037
23655,2025,-1.5,-2.7574814814814816
23655,2025,1.1,1.4666666666666668
23655,2025,1.7,2.214
23655,2025,2.0,2.6712171661117283
23655,2025,6.3,8.470551239363669
23655,2025,7.5,8.166666666666666
23655,2025,4.8,4.917888888888889
23655,2025,10.3,11.766666666666666
23655,2025,9.0,8.799593044765079
23655,2025,7.2,7.199703703703703
23655,2025,7.9,8.566666666666666
23655,2025,5.2,3.650148148148148
23655,2025,2.6,1.8804814814814816
23655,2025,3.2,4.02962962962963
23655,2025,1.2,1.4524972253052164
23655,2025,1.5,0.8666666666666667
23655,2025,4.1,3.8825555555555553
23655,2025,3.9,3.442027376988532
23655,2025,4.8,4.213666666666667
23655,2025,4.7,6.724602293747687
23655,2025,5.6,9.20381905821283
23655,2025,9.5,10.566666666666666
23655,2025,12.0,11.844296296296296
23655,2025,7.9,5.796962962962963
23655,2025,7.1,5.40325925925926
23655,2025,7.4,6.714925925925926
23655,2025,5.3,4.61
23655,2025,3.2,3.266666666666667
23655,2025,2.5,2.410270671116055
23655,2025,-0.2,0.4378518518518517
23655,2025,0.6,-0.4333333333333333
23655,2025,2.3,3.2000000000000006
23655,2025,2.4,3.966666666666667
23655,2025,5.7,5.935113088616982
23655,2025,7.6,7.601072881982981
23655,2025,10.9,12.627481481481482
23655,2025,6.1,5.786407407407408
23655,2025,7.1,6.406444444444444
23655,2025,5.9,4.58662962962963
23655,2025,8.0,8.006444444444444
23655,2025,7.0,6.905302187615869
23655,2025,6.3,6.305777777777777
23655,2025,8.0,7.176344086021506
23655,2025,7.2,6.1923248053392665
23655,2025,9.7,8.553925925925926
23655,2025,4.9,4.667519466073415
23655,2025,7.2,6.529111111111111
23655,2025,9.5,11.217333333333334
23655,2025,8.7,8.734962962962964
23655,2025,10.0,10.256788753237144
23655,2025,9.8,10.651444444444444
23655,2025,9.8,10.030555555555557
23655,2025,7.9,5.966666666666666
23655,2025,10.1,10.288185185185188
23655,2025,9.6,10.00177777777778
23655,2025,8.1,8.840296296296295
23655,2025,9.4,8.397555555555554
23655,2025,11.8,12.56666666666667
23655,2025,11.6,11.366666666666667
23655,2025,12.0,11.966666666666669
23655,2025,10.8,9.48888888888889
23655,2025,7.6,6.777333333333333
23655,2025,4.7,4.234
23655,2025,11.1,10.223407407407407
23655,2025,10.7,10.670333333333332
23655,2025,9.0,7.222740740740742
23655,2025,9.7,9.223888888888888
23655,2025,10.5,9.504375231738967
23655,2025,8.4,7.425481481481481
23655,2025,9.8,8.589814814814815
23655,2025,9.1,7.620199778024416
23655,2025,11.8,11.436666666666666
23655,2025,10.1,9.403666666666666
23655,2025,11.3,10.43722222222222
23655,2025,10.9,10.586052534221237
23655,2025,14.3,11.4378098409175
20516,2024,2.1,2.3681465038845726
20516,2024,6.2,4.656840934371524
20516,2024,4.0,3.7930000000000006
20516,2024,3.3,7.5001851851851855
20516,2024,3.4,9.766222222222222
20516,2024,4.4,3.1633000369959303
20516,2024,1.2,-0.6003707823507602
20516,2024,5.6,3.792
20516,2024,10.5,8.523703703703704
20516,2024,8.8,7.038327783943766
20516,2024,3.3,2.984666666666667
20516,2024,0.8,-0.1759156492785793
20516,2024,2.9,1.7418518518518518
20516,2024,2.8,1.563891971883093
20516,2024,5.8,2.6141111111111104
20516,2024,6.0,4.288
20516,2024,7.0,6.484259259259259
20516,2024,6.0,2.227635960044395
20516,2024,8.3,8.175582685904551
20516,2024,8.7,5.957879124953653
20516,2024,4.4,2.8415094339622646
20516,2024,7.7,5.6
20516,2024,3.6,0.2412309974045235
20516,2024,0.9,-0.94661487236404
20516,2024,0.0,-2.0743248242693304
20516,2024,6.1,4.369925925925926
20516,2024,3.6,3.7295967443581217
20516,2024,6.4,5.585587583148558
20516,2024,3.5,3.3329996292176487
20516,2024,6.7,5.507029226785054
20516,2024,2.4,0.9148353681095082
20516,2024,7.6,5.526992955135336
20516,2024,4.3,2.020022246941046
20516,2024,3.2,1.873185185185185
20516,2024,3.2,1.057397107897664
20516,2024,0.4,-0.5749907510173881
20516,2024,4.4,2.3571746384872085
20516,2024,6.1,4.469848316685164
20516,2024,5.1,4.007584165741768
20516,2024,5.0,3.565593784683685
20516,2024,6.5,3.721272660007399
20516,2024,5.9,3.1544444444444446
20516,2024,5.4,3.510666666666667
20516,2024,6.3,3.289555555555555
20516,2024,7.8,5.833555555555557
20516,2024,6.4,4.678333333333334
20516,2024,9.3,8.090148148148147
20516,2024,7.9,6.214333333333333
20516,2024,7.4,5.8
20516,2024,8.7,6.309248982611913
20516,2024,9.0,7.930774935113088
20516,2024,7.1,6.108814814814814
20516,2024,4.9,1.0248148148148148
20516,2024,1.8,0.1669629629629629
20516,2024,8.9,7.30188679245283
20516,2024,3.6,0.6883333333333332
20516,2024,4.9,4.8
20516,2024,10.4,9.314086021505377
20516,2024,15.8,15.110777777777775
20516,2024,8.0,5.940296296296297
20516,2024,6.9,5.620022246941044
20516,2024,5.9,3.196774193548387
20516,2024,9.2,6.509544950055494
20516,2024,7.7,4.396962962962964
20516,2024,10.5,7.523703703703704
20516,2024,11.0,7.165777777777778
20516,2024,13.5,9.708333333333332
20516,2024,14.6,10.979245283018866
20516,2024,9.2,6.110222222222221
20516,2024,7.0,6.02202447163515
20516,2024,5.5,4.927
20516,2024,9.5,6.986651835372636
20516,2024,12.2,9.525777777777778
20516,2024,13.0,9.306117908787543
20516,2024,12.4,8.752962962962963
20516,2024,10.1,8.07987421383648
20516,2024,6.3,5.114206437291897
20516,2024,4.2,2.4493525712171658
20516,2024,2.5,-0.506
20516,2024,7.1,7.099999999999999
20516,2024,3.1,0.8146296296296296
20516,2024,2.8,0.3933259176863182
20516,2024,3.8,1.6766666666666667
20516,2024,4.7,3.296448390677025
20516,2024,2.2,0.1733333333333333
20516,2024,7.5,5.830814814814815
20516,2024,9.3,7.667222222222223
20516,2024,11.7,10.265851851851853
20516,2024,10.5,8.267036625971144
20516,2024,11.6,10.10166852057842
20516,2024,12.5,8.100296296296296
20516,2025,2.7,1.7
20516,2025,1.8,-0.8666666666666667
20516,2025,1.3,-1.6000000000000003
20516,2025,1.9,-2.3
20516,2025,1.0,-1.6000000000000003
20516,2025,-0.2,-2.9
20516,2025,1.2,-0.6999999999999998
20516,2025,7.1,6.400000000000001
20516,2025,2.9,1.7
20516,2025,5.3,4.433333333333334
20516,2025,8.1,5.766666666666667
20516,2025,7.1,7.366666666666667
20516,2025,7.7,6.8
20516,2025,5.3,3.0
20516,2025,0.5,-3.5322795341098177
20516,2025,0.5,-1.8333333333333333
20516,2025,1.4,2.4333333333333336
20516,2025,0.8,-1.2666666666666666
20516,2025,4.5,1.8
20516,2025,6.2,4.739135254988914
20516,2025,5.3,1.8948775055679288
20516,2025,9.8,9.697333333333331
20516,2025,9.0,7.133333333333333
20516,2025,6.2,4.866666666666666
20516,2025,5.0,2.6
20516,2025,1.6,0.8980769230769232
20516,2025,1.8,0.5946607341490544
20516,2025,1.2,-0.3821507760532152
20516,2025,1.8,2.9464444444444444
20516,2025,1.4,-0.4000000000000001
20516,2025,2.5,-0.1
20516,2025,2.3,0.3191323692992213
20516,2025,2.9,0.6146459028550241
20516,2025,6.5,5.191915836101883
20516,2025,9.3,9.636444444444445
20516,2025,6.0,4.966666666666667
20516,2025,6.3,3.6666666666666665
20516,2025,6.8,5.533333333333334
20516,2025,4.1,1.816481069042316
20516,2025,3.0,2.327888888888889
20516,2025,2.5,1.9844097995545655
20516,2025,-0.2,-3.3333333333333335
20516,2025,0.4,-1.3
20516,2025,2.5,-0.2380846325167037
20516,2025,3.9,2.4715555555555557
20516,2025,5.1,2.542454579162032
20516,2025,8.3,7.252238253792083
20516,2025,11.4,10.5
20516,2025,6.3,4.05462962962963
20516,2025,6.4,5.354097144975898
20516,2025,5.0,2.486851851851852
20516,2025,7.1,3.8472222222222223
20516,2025,5.9,5.105111111111111
20516,2025,4.6,4.892592592592592
20516,2025,8.1,6.8
20516,2025,7.4,5.910344827586208
20516,2025,10.1,8.72022222222222
20516,2025,3.6,2.753763440860215
20516,2025,5.8,2.014507198228128
20516,2025,7.7,6.039363669996301
20516,2025,8.3,5.546273637374862
20516,2025,9.2,7.40325925925926
20516,2025,8.3,7.257491675915649
20516,2025,7.6,5.185251396648045
20516,2025,4.7,2.1333333333333333
20516,2025,9.2,6.639755011135857
20516,2025,8.1,4.192343344456804
20516,2025,7.4,3.934444444444445
20516,2025,8.0,5.406013363028954
20516,2025,12.2,11.033333333333331
20516,2025,12.1,10.202669632925472
20516,2025,12.2,10.005199115044247
20516,2025,9.5,7.6697812384130515
20516,2025,7.8,5.3
20516,2025,4.3,3.780383480825958
20516,2025,10.3,7.626659251019651
20516,2025,11.2,9.505919348871624
20516,2025,7.5,4.296895787139689
20516,2025,8.6,6.927000000000001
20516,2025,7.9,6.893777777777779
20516,2025,8.8,7.119484346224676
20516,2025,7.8,6.184604051565378
20516,2025,8.8,5.072293170460855
20516,2025,11.5,9.201035886052534
20516,2025,9.7,6.602032520325203
20516,2025,9.7,5.864886911383018
20516,2025,11.6,7.499667405764967
20516,2025,13.9,9.2
23862,2024,1.9,5.972666666666666
23862,2024,4.2,7.505333333333334
23862,2024,6.4,9.098555555555556
23862,2024,4.9,9.708888888888888
23862,2024,4.9,9.668666666666669
23862,2024,5.0,9.002966258806081
23862,2024,1.6,3.976777777777778
23862,2024,5.3,6.3329625509825735
23862,2024,9.3,8.569666666666667
23862,2024,7.3,7.4359288097886544
23862,2024,2.4,2.4007407407407406
23862,2024,0.7,1.900185185185185
23862,2024,2.0,3.934888888888889
23862,2024,3.2,6.365333333333334
23862,2024,4.9,7.068444444444444
23862,2024,5.4,6.394666666666668
23862,2024,6.5,8.571550129485757
23862,2024,5.9,8.481111111111112
23862,2024,5.6,7.868335187245087
23862,2024,5.6,5.905042639970339
23862,2024,4.7,6.275111111111111
23862,2024,6.3,6.262777777777778
23862,2024,1.4,2.816666666666666
23862,2024,-0.2,0.6353355580274378
23862,2024,-0.8,1.4482592592592591
23862,2024,4.4,4.50754716981132
23862,2024,3.2,5.1168705969595845
23862,2024,4.8,5.862328513162774
23862,2024,3.7,5.296962962962963
23862,2024,5.4,6.521185185185185
23862,2024,1.9,4.51874074074074
23862,2024,5.5,5.0981851851851845
23862,2024,1.5,1.828301886792453
23862,2024,2.5,3.0353703703703703
23862,2024,1.1,1.0505185185185186
23862,2024,0.5,3.113318534961154
23862,2024,3.9,5.413555555555557
23862,2024,4.2,4.185571587125416
23862,2024,3.0,3.6252131998516863
23862,2024,3.3,3.853503893214683
23862,2024,3.5,5.122506488691139
23862,2024,3.9,6.158895238095238
23862,2024,3.9,6.640333333333334
23862,2024,5.0,5.505999999999999
23862,2024,6.8,9.551555555555556
23862,2024,6.9,8.655999999999999
23862,2024,8.5,10.009655937846835
23862,2024,7.7,9.39012208657048
23862,2024,7.5,8.88
23862,2024,7.3,9.141287458379578
23862,2024,9.3,11.213925925925924
23862,2024,7.0,8.502666666666666
23862,2024,3.2,4.910888888888889
23862,2024,1.9,3.502740740740741
23862,2024,7.4,7.348575656677765
23862,2024,0.7,0.7529629629629631
23862,2024,2.7,4.486481481481482
23862,2024,8.9,10.02037037037037
23862,2024,12.4,13.891638919718831
23862,2024,7.0,6.987319243604005
23862,2024,4.6,5.191333333333334
23862,2024,3.2,4.573185185185185
23862,2024,6.4,7.376931949250289
23862,2024,6.7,8.571
23862,2024,8.7,11.227777777777774
23862,2024,9.9,12.195296296296297
23862,2024,12.7,12.924
23862,2024,14.1,14.310000000000002
23862,2024,6.4,5.866666666666666
23862,2024,4.6,6.166666666666667
23862,2024,4.6,6.423259259259259
23862,2024,10.2,12.833185020393028
23862,2024,12.0,15.493333333333334
23862,2024,13.0,15.313947465778764
23862,2024,11.4,13.175454208379682
23862,2024,7.6,8.126851851851852
23862,2024,3.5,4.010950795412505
23862,2024,1.9,2.8555555555555556
23862,2024,0.2,2.1943333333333337
23862,2024,5.2,6.406851851851852
23862,2024,1.9,3.4174444444444445
23862,2024,-0.0,0.8585185185185186
23862,2024,0.8,1.5482962962962965
23862,2024,1.2,3.785111111111111
23862,2024,1.1,2.9355555555555553
23862,2024,5.8,6.666666666666667
23862,2024,6.8,6.893592592592594
23862,2024,9.8,10.026814814814816
23862,2024,8.9,8.893444444444444
23862,2024,11.0,12.519866814650388
23862,2024,11.0,10.146555555555556
23862,2025,2.5,2.545777777777778
23862,2025,1.9,2.423111111111111
23862,2025,1.2,2.727666666666667
23862,2025,1.1,4.333259341472438
23862,2025,0.8,2.3
23862,2025,1.2,3.141666666666667
23862,2025,1.2,5.005111111111111
23862,2025,5.1,5.612518518518518
23862,2025,1.8,2.31237037037037
23862,2025,3.9,5.902929180571006
23862,2025,5.7,6.639296296296296
23862,2025,6.3,7.2155555555555555
23862,2025,5.3,6.482574916759157
23862,2025,2.5,4.312296296296296
23862,2025,-1.2,0.3556544308490916
23862,2025,-0.3,2.3997410284868663
23862,2025,2.4,4.755111111111111
23862,2025,0.2,2.705296296296297
23862,2025,3.7,6.163403781979978
23862,2025,5.2,6.094894561598223
23862,2025,3.3,4.21
23862,2025,7.9,9.348222222222224
23862,2025,7.6,7.885947348906193
23862,2025,5.5,6.642962962962963
23862,2025,4.9,6.394666666666667
23862,2025,2.3,3.8819058212829063
23862,2025,1.1,2.344444444444444
23862,2025,1.0,2.795629629629629
23862,2025,0.7,3.0340740740740744
23862,2025,1.6,3.67081942899518
23862,2025,1.4,4.2447650758416575
23862,2025,2.3,5.442666666666666
23862,2025,2.3,5.389444444444445
23862,2025,2.6,6.680925925925926
23862,2025,4.3,5.222222222222222
23862,2025,6.6,8.128370370370371
23862,2025,8.4,9.31077777777778
23862,2025,5.4,5.073563218390804
23862,2025,5.0,4.453185185185185
23862,2025,5.1,5.613051538746755
23862,2025,2.3,2.966666666666667
23862,2025,2.6,3.5
23862,2025,1.5,1.8696296296296293
23862,2025,-1.4,-1.5438771735109138
23862,2025,-0.3,1.6305895439377085
23862,2025,2.1,5.298631150573437
23862,2025,2.9,4.3207407407407405
23862,2025,4.7,4.366666666666667
23862,2025,8.6,8.616833148353681
23862,2025,8.9,9.870666666666663
23862,2025,3.5,4.764444444444444
23862,2025,4.8,4.768777777777778
23862,2025,3.6,5.031296296296296
23862,2025,5.2,7.966074074074075
23862,2025,5.6,8.065408805031446
23862,2025,4.9,7.339925925925926
23862,2025,4.9,6.594999999999999
23862,2025,4.3,6.823566407695154
23862,2025,6.4,7.190989988876529
23862,2025,3.8,6.731150573436922
23862,2025,4.3,4.8
23862,2025,7.6,9.533333333333331
23862,2025,7.4,9.225185185185184
23862,2025,7.9,10.013022567517572
23862,2025,7.9,9.976344086021506
23862,2025,7.2,7.338512763596004
23862,2025,4.5,5.399074074074074
23862,2025,7.2,7.506222222222222
23862,2025,7.4,7.727111111111111
23862,2025,6.4,7.741777777777777
23862,2025,7.2,8.947185185185184
23862,2025,10.8,11.734444444444446
23862,2025,10.4,10.3
23862,2025,10.2,10.400815721171671
23862,2025,8.5,7.933667037449017
23862,2025,5.2,5.768481481481482
23862,2025,2.7,3.633481646273637
23862,2025,8.8,9.901333333333334
23862,2025,8.1,8.533333333333333
23862,2025,5.1,7.300592592592593
23862,2025,7.9,8.634074074074073
23862,2025,8.3,8.366666666666667
23862,2025,6.0,6.966074074074073
23862,2025,5.7,8.162999999999998
23862,2025,8.4,10.406111111111112
23862,2025,10.1,10.5677025527192
23862,2025,8.8,8.866111111111111
23862,2025,9.1,11.377938450129776
23862,2025,10.3,12.592259259259258
23862,2025,12.6,12.974814814814811
22592,2024,3.1,2.2687014428412873
22592,2024,10.4,9.7
22592,2024,8.0,7.3284390063033005
22592,2024,6.0,5.218904920458749
22592,2024,4.2,4.4
22592,2024,0.3,-1.3999999999999997
22592,2024,5.2,7.2591564927857934
22592,2024,5.5,5.793103448275862
22592,2024,12.9,12.350740740740736
22592,2024,11.2,11.345444444444446
22592,2024,2.2,1.3540510543840176
22592,2024,0.7,0.5771365149833518
22592,2024,6.7,7.017777777777778
22592,2024,1.2,0.9372549019607844
22592,2024,2.2,2.4474444444444443
22592,2024,5.4,4.2521642619311875
22592,2024,11.0,11.295884315906562
22592,2024,9.4,8.763555555555556
22592,2024,11.0,10.348723640399555
22592,2024,9.9,9.566074074074075
22592,2024,5.9,4.666296296296297
22592,2024,8.5,8.4
22592,2024,3.9,3.5824074074074073
22592,2024,1.3,1.3296625880608082
22592,2024,0.5,-0.3158324063774564
22592,2024,6.6,6.783777777777777
22592,2024,2.7,2.548333333333333
22592,2024,8.2,8.047946725860156
22592,2024,7.0,6.584148148148147
22592,2024,5.8,5.400000000000001
22592,2024,4.9,2.5408435072142064
22592,2024,9.7,8.935664076951536
22592,2024,4.3,4.084575454208379
22592,2024,3.7,4.548427672955975
22592,2024,3.7,4.727555555555555
22592,2024,2.4,0.7649999999999999
22592,2024,2.7,1.6217777777777778
22592,2024,8.5,10.344382647385984
22592,2024,7.7,7.261561228264891
22592,2024,5.6,6.205925925925927
22592,2024,6.9,7.543174250832408
22592,2024,7.9,8.714222222222222
22592,2024,4.1,4.312458286985539
22592,2024,6.0,4.487703703703703
22592,2024,7.3,5.0721171672228405
22592,2024,8.6,8.477987421383649
22592,2024,10.7,10.6
22592,2024,10.6,12.021185185185184
22592,2024,7.2,6.085555555555555
22592,2024,8.4,7.046777777777779
22592,2024,13.3,13.56
22592,2024,11.4,11.61322222222222
22592,2024,6.0,4.5120000000000005
22592,2024,4.8,3.908
22592,2024,8.7,8.373333333333335
22592,2024,4.4,3.9333333333333336
22592,2024,8.0,7.5744061302682
22592,2024,12.5,13.300751879699249
22592,2024,12.8,11.9
22592,2024,10.6,10.779478327579591
22592,2024,7.3,7.936777777777778
22592,2024,7.0,5.308449695667742
22592,2024,10.1,10.13611111111111
22592,2024,7.5,6.361777777777778
22592,2024,8.5,7.064516129032258
22592,2024,7.8,5.854949944382648
22592,2024,11.0,9.288394512421208
22592,2024,11.0,8.809074074074074
22592,2024,9.4,8.700888888888889
22592,2024,8.2,8.311333333333334
22592,2024,9.0,9.111197626992954
22592,2024,12.9,12.75555555555556
22592,2024,12.8,10.4669256381798
22592,2024,10.3,8.576481481481482
22592,2024,11.7,10.589185185185183
22592,2024,11.3,11.596440489432704
22592,2024,7.8,7.327555555555556
22592,2024,6.4,5.898222222222222
22592,2024,6.2,6.283055246570263
22592,2024,8.7,8.984296296296296
22592,2024,6.1,5.640592592592591
22592,2024,4.4,4.440148148148149
22592,2024,5.6,4.8099149093599705
22592,2024,6.1,5.962666666666667
22592,2024,5.7,4.88723640399556
22592,2024,9.8,9.8
22592,2024,10.1,10.537777777777778
22592,2024,13.2,13.1
22592,2024,11.7,11.199999999999998
22592,2024,11.4,10.754888888888887
22592,2024,14.1,11.393807934742306
22592,2025,4.2,3.7262222222222223
22592,2025,3.6,2.9
22592,2025,3.3,3.1467407407407406
22592,2025,1.7,0.2208888888888888
22592,2025,1.9,0.8410000000000002
22592,2025,3.7,4.039037037037037
22592,2025,-2.4,-4.444086021505376
22592,2025,8.6,8.70511111111111
22592,2025,3.1,3.780851851851852
22592,2025,7.2,7.5
22592,2025,8.5,7.599999999999999
22592,2025,8.7,8.689666666666666
22592,2025,8.9,8.444111111111111
22592,2025,5.3,4.974074074074075
22592,2025,0.7,-0.2217777777777777
22592,2025,-1.5,-2.9392526822049576
22592,2025,3.7,4.6
22592,2025,-0.3,-0.9717834631071564
22592,2025,7.5,7.8
22592,2025,7.7,9.131224565297815
22592,2025,5.6,4.959259259259259
22592,2025,11.3,11.0
22592,2025,9.5,9.3
22592,2025,5.6,4.487481481481481
22592,2025,8.7,8.566666666666666
22592,2025,6.5,6.265185185185185
22592,2025,2.0,2.488444444444444
22592,2025,5.4,5.433888272290048
22592,2025,4.2,4.033296337402886
22592,2025,4.0,3.884074074074074
22592,2025,1.4,-0.2655567887532371
22592,2025,1.4,-0.0528518518518518
22592,2025,0.5,0.025287356321839
22592,2025,3.4,-0.0893333333333333
22592,2025,2.9,1.560148148148148
22592,2025,6.9,7.452725250278087
22592,2025,9.8,9.980385613644788
22592,2025,9.2,8.353333333333333
22592,2025,7.5,6.353666666666667
22592,2025,8.1,8.015313311086391
22592,2025,5.2,4.291111111111112
22592,2025,4.3,4.548390677025527
22592,2025,3.5,3.3850740740740743
22592,2025,-0.8,-2.223
22592,2025,2.4,3.0638857990359663
22592,2025,1.1,-0.660925925925926
22592,2025,1.0,-0.3431111111111111
22592,2025,5.8,5.604931405265109
22592,2025,6.6,5.93837037037037
22592,2025,11.8,11.568888888888887
22592,2025,7.8,7.586074074074073
22592,2025,8.2,7.841398446170921
22592,2025,6.2,3.570740740740741
22592,2025,10.6,10.800000000000002
22592,2025,10.1,9.948148148148146
22592,2025,9.7,9.777444444444445
22592,2025,9.8,9.466666666666669
22592,2025,8.6,8.44874074074074
22592,2025,11.0,10.94896296296296
22592,2025,7.5,7.307925925925925
22592,2025,7.7,6.351777777777779
22592,2025,9.6,7.573333333333332
22592,2025,7.6,6.057814814814815
22592,2025,10.6,7.550222222222223
22592,2025,8.4,5.4508324084350726
22592,2025,11.8,10.508583055863856
22592,2025,9.0,5.469333333333334
22592,2025,11.7,11.166666666666666
22592,2025,9.0,6.889024842417501
22592,2025,8.5,6.526888888888887
22592,2025,10.4,10.12711111111111
22592,2025,13.0,13.999999999999996
22592,2025,12.8,12.5
22592,2025,13.1,12.866666666666667
22592,2025,12.4,11.428444444444445
22592,2025,9.1,9.08142804291528
22592,2025,6.5,6.325046244913059
22592,2025,9.3,9.801777777777778
22592,2025,11.1,10.306222222222225
22592,2025,10.4,9.556666666666668
22592,2025,12.5,10.517222222222223
22592,2025,13.5,12.189777777777778
22592,2025,10.4,9.761438635520948
22592,2025,11.7,11.174962962962962
22592,2025,11.2,10.342222222222222
22592,2025,13.5,13.09382167961524
22592,2025,10.0,9.2
22592,2025,11.6,8.701777777777778
22592,2025,10.2,8.269333333333334
22592,2025,15.4,9.355308916019238
22585,2024,2.1,1.083037037037037
22585,2024,10.3,9.617777777777778
22585,2024,5.1,2.9828888888888887
22585,2024,5.9,5.466666666666666
22585,2024,3.8,4.13111111111111
22585,2024,-0.1,-1.4519466073414904
22585,2024,3.7,7.034850166481687
22585,2024,3.6,4.07762962962963
22585,2024,13.0,12.831590656284762
22585,2024,11.3,11.300000000000002
22585,2024,1.6,2.2076666666666664
22585,2024,0.2,0.0693703703703703
22585,2024,5.8,6.8403411197627
22585,2024,-0.6,0.7834628190899
22585,2024,1.0,1.7618201997780245
22585,2024,3.9,3.9862962962962967
22585,2024,10.3,9.845726970033295
22585,2024,7.7,8.121171672228401
22585,2024,11.2,10.084872080088989
22585,2024,10.2,9.521494635590086
22585,2024,4.6,4.631816500184979
22585,2024,8.4,8.599999999999998
22585,2024,2.8,3.1446051167964404
22585,2024,0.5,0.6522222222222223
22585,2024,-0.2,-0.8774444444444445
22585,2024,5.8,6.195925925925926
22585,2024,3.1,3.252111111111111
22585,2024,8.2,8.042074074074074
22585,2024,7.1,6.5568409343715235
22585,2024,5.0,6.2241481481481475
22585,2024,3.1,1.7522432332220983
22585,2024,10.1,9.923407407407408
22585,2024,4.4,4.638370370370371
22585,2024,3.5,3.1
22585,2024,2.3,3.434222222222222
22585,2024,-0.4,-0.2916666666666666
22585,2024,1.5,2.282888888888889
22585,2024,9.1,10.225398591027067
22585,2024,7.6,6.871111111111112
22585,2024,5.3,5.866666666666667
22585,2024,6.2,5.964444444444442
22585,2024,7.9,8.06666666666667
22585,2024,3.5,2.967556544308491
22585,2024,4.2,5.213355530891603
22585,2024,6.9,5.346577876433592
22585,2024,6.3,7.346570263255469
22585,2024,9.7,10.5062893081761
22585,2024,9.4,10.486874304783091
22585,2024,6.6,6.145246022937476
22585,2024,6.0,6.933333333333334
22585,2024,12.6,12.909
22585,2024,10.3,11.75371809100999
22585,2024,4.1,4.066666666666666
22585,2024,3.2,2.302518518518519
22585,2024,8.2,8.279421579532816
22585,2024,4.6,4.353985910270671
22585,2024,8.3,8.549333333333333
22585,2024,13.2,13.317037037037036
22585,2024,13.3,12.45888888888889
22585,2024,10.8,10.94177777777778
22585,2024,6.8,6.941333333333334
22585,2024,6.2,5.587592592592592
22585,2024,9.4,10.366666666666664
22585,2024,6.4,6.349185185185187
22585,2024,7.6,7.687764182424917
22585,2024,6.0,6.003222222222221
22585,2024,8.9,8.887851851851853
22585,2024,8.3,8.603299962921763
22585,2024,9.6,9.560888888888888
22585,2024,8.4,7.94
22585,2024,8.8,8.695111111111112
22585,2024,12.6,11.064333333333334
22585,2024,8.9,9.074074074074073
22585,2024,9.3,7.766666666666666
22585,2024,9.1,9.488222222222223
22585,2024,11.7,9.650685947348904
22585,2024,7.7,6.2182424916573975
22585,2024,6.5,5.613088616981831
22585,2024,6.5,6.532
22585,2024,7.5,6.191851851851851
22585,2024,6.3,5.3588148148148145
22585,2024,4.6,4.313459399332592
22585,2024,5.8,4.8004444444444445
22585,2024,6.3,5.834813170551239
22585,2024,4.7,4.255974842767295
22585,2024,9.2,9.266666666666667
22585,2024,10.0,11.189851851851852
22585,2024,13.2,12.610999999999995
22585,2024,11.8,11.310925925925927
22585,2024,11.4,10.778222222222224
22585,2024,13.7,11.77596296296296
22585,2025,4.4,3.894148148148149
22585,2025,3.3,3.003003337041157
22585,2025,3.2,2.9
22585,2025,0.8,0.3652206154987022
22585,2025,1.0,-0.9937337782721544
22585,2025,3.5,3.1767890248424173
22585,2025,-2.0,-3.029851851851852
22585,2025,9.1,9.010666666666664
22585,2025,2.8,3.966666666666667
22585,2025,6.6,7.377777777777778
22585,2025,8.4,8.003777777777778
22585,2025,8.3,9.270481481481482
22585,2025,8.1,8.766666666666667
22585,2025,5.7,4.954777777777778
22585,2025,0.6,-0.2212087504634779
22585,2025,-1.4,-2.766814814814814
22585,2025,0.8,-0.4460140897293289
22585,2025,-0.1,-0.3856666666666666
22585,2025,6.0,8.028958101594364
22585,2025,7.8,9.271116054875788
22585,2025,4.2,4.471185185185185
22585,2025,11.7,11.228745837957826
22585,2025,9.5,9.30925925925926
22585,2025,5.6,3.7999999999999994
22585,2025,8.0,8.418962962962963
22585,2025,6.0,5.650943396226415
22585,2025,2.0,1.5912962962962964
22585,2025,5.5,5.501666666666666
22585,2025,4.2,4.071740740740741
22585,2025,4.0,3.9718148148148154
22585,2025,0.3,-0.2738888888888888
22585,2025,1.6,0.2946725860155382
22585,2025,-0.6,-1.4279319274879765
22585,2025,1.5,0.2781979977753058
22585,2025,2.0,2.0052962962962964
22585,2025,5.6,7.172228401928069
22585,2025,9.7,9.559407407407408
22585,2025,9.2,8.49432703003337
22585,2025,6.7,6.151999999999999
22585,2025,7.2,8.366666666666667
22585,2025,4.1,3.725860155382908
22585,2025,4.6,4.839296296296296
22585,2025,3.7,3.57274074074074
22585,2025,-1.6,-1.6087407407407408
22585,2025,1.9,2.2752317389692247
22585,2025,0.1,-1.032
22585,2025,0.5,-0.8053274139844616
22585,2025,3.7,4.649333333333333
22585,2025,5.1,5.513111111111111
22585,2025,11.6,12.842666666666666
22585,2025,6.4,7.486577678902483
22585,2025,7.9,8.486777777777778
22585,2025,5.4,3.9785317018909896
22585,2025,10.4,10.666666666666666
22585,2025,10.1,9.538888888888888
22585,2025,9.6,8.996666666666666
22585,2025,9.8,9.405888888888889
22585,2025,8.7,8.545333333333334
22585,2025,11.1,10.9
22585,2025,7.5,7.006400295967444
22585,2025,7.7,7.406555555555555
22585,2025,8.2,7.727666666666668
22585,2025,7.8,5.293481481481481
22585,2025,8.4,6.9123333333333346
22585,2025,7.0,6.267407407407408
22585,2025,10.0,7.081201334816463
22585,2025,7.7,4.897407407407408
22585,2025,9.9,10.418000000000005
22585,2025,7.7,8.215185185185184
22585,2025,7.9,6.284222222222223
22585,2025,7.8,10.606666666666667
22585,2025,13.0,14.141490545050054
22585,2025,12.9,12.652814814814814
22585,2025,12.9,12.869629629629632
22585,2025,12.3,11.038709677419355
22585,2025,9.1,9.166666666666666
22585,2025,6.7,6.624333333333333
22585,2025,6.9,8.736256011838698
22585,2025,10.7,10.594333333333331
22585,2025,7.4,8.137523173896922
22585,2025,12.3,10.823777777777778
22585,2025,13.6,12.023666666666667
22585,2025,9.7,9.30977777777778
22585,2025,11.8,11.252259259259258
22585,2025,10.1,9.68238993710692
22585,2025,13.1,12.466666666666669
22585,2025,8.7,8.087236403995561
22585,2025,12.0,9.92088888888889
22585,2025,9.1,7.803333333333334
22585,2025,13.2,8.266666666666667
24529,2024,0.4,2.218756936736959
24529,2024,3.1,4.1
24529,2024,5.5,3.7931889690912457
24529,2024,2.7,4.799778024417314
24529,2024,2.9,5.639822024471635
24529,2024,5.2,3.618
24529,2024,0.5,0.2
24529,2024,3.9,4.62037037037037
24529,2024,9.8,9.215871254162042
24529,2024,7.5,8.3
24529,2024,2.6,2.4284868664446915
24529,2024,-0.3,0.7265185185185185
24529,2024,1.0,2.4
24529,2024,2.2,2.274583795782464
24529,2024,3.4,3.911
24529,2024,4.2,4.729646017699116
24529,2024,5.4,5.487885544407283
24529,2024,4.1,4.651868294487606
24529,2024,7.2,5.843875278396436
24529,2024,6.7,6.321357063403781
24529,2024,4.1,3.70752688172043
24529,2024,6.3,5.340888888888888
24529,2024,2.5,0.7926503340757237
24529,2024,1.0,-0.0769116555308092
24529,2024,-0.9,-1.131403118040089
24529,2024,5.1,4.531701890989989
24529,2024,3.5,4.366037735849058
24529,2024,5.3,5.00011135857461
24529,2024,2.4,1.866740576496674
24529,2024,5.5,5.1345
24529,2024,0.8,2.032888888888889
24529,2024,6.1,5.369116555308091
24529,2024,2.5,2.0
24529,2024,1.7,1.7
24529,2024,2.5,0.8265033407572383
24529,2024,-0.2,-0.7104951958610494
24529,2024,5.0,3.816241213466518
24529,2024,4.8,5.184231980730035
24529,2024,4.8,4.669179600886918
24529,2024,4.1,2.7111111111111112
24529,2024,4.1,3.3496939343350034
24529,2024,3.5,4.079401993355481
24529,2024,4.0,4.433333333333334
24529,2024,5.1,5.014611111111111
24529,2024,6.5,6.603489235337788
24529,2024,5.8,5.6738808731039585
24529,2024,7.9,8.95157582499073
24529,2024,6.8,7.1046563192904655
24529,2024,8.2,7.181058083610804
24529,2024,7.3,7.639353400222966
24529,2024,7.7,7.972290502793298
24529,2024,6.7,7.103851851851851
24529,2024,5.1,3.123946784922394
24529,2024,1.8,1.162777777777778
24529,2024,7.2,7.87291897891232
24529,2024,1.5,1.7689680772086118
24529,2024,5.0,5.2
24529,2024,9.8,10.015777777777778
24529,2024,13.5,14.624721603563472
24529,2024,7.9,8.066666666666668
24529,2024,5.9,4.877419354838709
24529,2024,5.0,3.862082405345211
24529,2024,7.3,8.2
24529,2024,7.2,6.978868552412646
24529,2024,10.1,9.404637358560562
24529,2024,12.2,10.63344456803856
24529,2024,13.2,12.924610244988864
24529,2024,14.3,14.678062360801786
24529,2024,7.9,7.729135802469136
24529,2024,6.7,7.099999999999999
24529,2024,3.5,4.186972612879348
24529,2024,8.0,7.8
24529,2024,11.3,10.699999999999998
24529,2024,12.3,11.36165831942126
24529,2024,10.2,10.3
24529,2024,9.3,8.830780614132447
24529,2024,5.1,4.815185185185185
24529,2024,4.1,3.6333333333333337
24529,2024,0.5,0.8183741648106903
24529,2024,7.7,7.550352243233222
24529,2024,1.5,1.2809047089358545
24529,2024,0.6,1.521579532814238
24529,2024,1.2,2.4475083056478404
24529,2024,2.8,3.9484814814814815
24529,2024,1.3,1.008955778520996
24529,2024,6.2,7.406718634001486
24529,2024,7.9,8.014058453570106
24529,2024,10.6,10.899814814814816
24529,2024,9.0,9.213259668508288
24529,2024,10.2,11.960103244837756
24529,2024,10.7,9.886977432482428
24529,2025,1.9,1.5357380688124307
24529,2025,0.2,0.9842592592592592
24529,2025,-1.9,-0.791037037037037
24529,2025,0.2,-0.3754814814814815
24529,2025,-0.6,-0.6939696633370328
24529,2025,-0.3,-1.0165371809100998
24529,2025,0.9,1.033666296707362
24529,2025,5.8,6.179310344827586
24529,2025,1.9,1.8764444444444448
24529,2025,3.6,4.925629629629631
24529,2025,6.2,6.387082405345213
24529,2025,7.3,8.086954915003696
24529,2025,5.3,6.405821282906933
24529,2025,3.7,4.257777777777778
24529,2025,-1.7,-2.633703703703704
24529,2025,-1.0,-0.1466666666666666
24529,2025,0.5,0.9788013318534962
24529,2025,-0.1,0.4200222469410457
24529,2025,3.3,5.463111111111111
24529,2025,6.6,6.372518518518519
24529,2025,4.6,2.6927777777777777
24529,2025,9.0,9.758286985539488
24529,2025,7.0,7.675222222222222
24529,2025,4.5,4.303481481481482
24529,2025,4.8,5.242333333333333
24529,2025,3.9,3.4695185185185187
24529,2025,0.2,1.0766407119021133
24529,2025,-0.1,1.2575656677765443
24529,2025,-0.2,0.1445925925925926
24529,2025,0.4,2.2125695216907673
24529,2025,0.6,1.7862962962962965
24529,2025,1.2,1.5295227524972252
24529,2025,1.8,1.955382907880133
24529,2025,4.2,3.4691481481481485
24529,2025,5.5,5.549499443826474
24529,2025,8.0,8.005518518518517
24529,2025,9.7,9.815181885671866
24529,2025,6.1,6.408666666666667
24529,2025,5.7,5.527851851851851
24529,2025,6.3,6.200037078235077
24529,2025,3.3,2.7774074074074075
24529,2025,1.5,2.8467777777777767
24529,2025,1.3,2.417649239896181
24529,2025,-1.7,-2.0876803551609324
24529,2025,-1.6,-1.6000000000000003
24529,2025,1.4,1.7556915090841676
24529,2025,5.4,4.848222222222223
24529,2025,5.5,5.241953385127635
24529,2025,10.9,7.713296296296296
24529,2025,10.1,10.6496106785317
24529,2025,4.4,4.350888888888889
24529,2025,5.8,5.1
24529,2025,2.8,3.3663703703703702
24529,2025,3.9,4.96700037078235
24529,2025,4.2,5.666740740740741
24529,2025,2.8,4.183055246570264
24529,2025,5.9,7.56637037037037
24529,2025,5.6,4.446222222222222
24529,2025,8.0,8.806659267480576
24529,2025,2.6,3.193333333333334
24529,2025,3.9,4.683777777777777
24529,2025,9.1,9.881777777777778
24529,2025,7.4,7.386296296296296
24529,2025,7.4,8.382685904550499
24529,2025,7.1,7.586948461253245
24529,2025,7.4,5.912777777777778
24529,2025,4.2,3.5525555555555557
24529,2025,7.6,7.780614132445431
24529,2025,6.9,6.869000000000001
24529,2025,6.0,6.046888888888889
24529,2025,7.0,7.266666666666667
24529,2025,11.8,12.564296296296297
24529,2025,10.0,10.699999999999998
24529,2025,11.2,10.946059933407328
24529,2025,8.8,8.533333333333333
24529,2025,6.5,6.023888888888888
24529,2025,2.3,2.6724444444444444
24529,2025,10.0,9.134185185185183
24529,2025,9.5,10.095142751205042
24529,2025,5.9,4.358601553829078
24529,2025,7.0,7.400000000000002
24529,2025,6.4,6.647756766777902
24529,2025,8.2,6.7697373288938225
24529,2025,5.7,5.8131256952169075
24529,2025,6.3,7.043777777777777
24529,2025,10.5,10.087333333333332
24529,2025,7.8,7.794339622641509
24529,2025,8.5,7.937883832778395
24529,2025,9.0,8.742666666666668
24529,2025,11.9,9.257111111111112
24089,2024,2.8,1.714962962962963
24089,2024,8.2,8.728375878653349
24089,2024,4.4,3.082
24089,2024,3.3,1.3107777777777778
24089,2024,0.7,0.0850906400295967
24089,2024,2.2,2.5268817204301075
24089,2024,2.7,0.4115057343692193
24089,2024,4.9,5.466666666666666
24089,2024,12.6,11.878
24089,2024,10.7,11.11762962962963
24089,2024,2.3,2.7999999999999994
24089,2024,1.0,0.8145024047354792
24089,2024,4.3,3.5988888888888892
24089,2024,3.6,3.738074074074074
24089,2024,4.4,4.150222222222221
24089,2024,5.8,5.303995560488346
24089,2024,7.6,7.308824619948091
24089,2024,6.5,5.411579726230114
24089,2024,10.8,10.663888888888888
24089,2024,9.7,9.42762962962963
24089,2024,6.3,7.407777777777778
24089,2024,8.0,7.709333333333335
24089,2024,3.3,3.2239733629300775
24089,2024,1.4,1.972
24089,2024,0.1,0.1667776544580096
24089,2024,6.8,7.026292629262926
24089,2024,4.4,4.129074074074074
24089,2024,6.5,7.679740740740741
24089,2024,4.8,5.666666666666666
24089,2024,7.5,7.279578246392896
24089,2024,3.6,3.5382907880133185
24089,2024,9.6,9.301742677048573
24089,2024,5.4,5.990751017388089
24089,2024,2.9,2.0748148148148147
24089,2024,3.6,3.237333333333333
24089,2024,1.6,1.5678135405105436
24089,2024,5.5,2.292222222222222
24089,2024,9.0,8.966666666666665
24089,2024,6.5,6.530444444444445
24089,2024,5.3,5.73588888888889
24089,2024,6.9,7.095190529041806
24089,2024,6.1,4.7137777777777785
24089,2024,5.1,5.456740740740742
24089,2024,5.6,5.5478045055364635
24089,2024,6.9,5.742222222222222
24089,2024,8.8,7.894444444444444
24089,2024,9.7,9.6
24089,2024,8.5,7.678518518518518
24089,2024,7.5,8.511605487578791
24089,2024,8.1,8.166666666666668
24089,2024,10.5,8.099333333333334
24089,2024,9.5,8.144617092119866
24089,2024,4.0,3.4890492045874955
24089,2024,4.3,2.834111111111111
24089,2024,8.2,8.408777777777779
24089,2024,3.3,3.798591027067112
24089,2024,6.3,6.186392287727104
24089,2024,12.4,13.107259259259258
24089,2024,15.9,12.852094920281797
24089,2024,10.3,10.084444444444443
24089,2024,7.8,8.004888888888889
24089,2024,6.1,5.1768888888888895
24089,2024,9.5,9.39711111111111
24089,2024,7.6,7.768917470525189
24089,2024,8.9,9.296666666666669
24089,2024,7.4,7.947555555555557
24089,2024,9.9,10.27686318131257
24089,2024,10.6,9.795921394141638
24089,2024,9.9,9.395698924731184
24089,2024,8.4,8.885925925925926
24089,2024,6.5,6.276359600443951
24089,2024,9.5,9.74222222222222
24089,2024,11.1,11.11338524286244
24089,2024,11.0,12.6
24089,2024,11.1,11.41851851851852
24089,2024,11.5,11.429925925925923
24089,2024,7.5,7.178616352201258
24089,2024,5.8,6.4485925925925915
24089,2024,3.1,1.9005555555555556
24089,2024,8.8,9.364592592592594
24089,2024,3.4,3.5458286985539487
24089,2024,2.7,4.117333333333334
24089,2024,4.0,4.9991111111111115
24089,2024,6.1,6.666666666666667
24089,2024,3.8,2.175962962962963
24089,2024,9.1,8.866666666666667
24089,2024,10.3,10.757518518518516
24089,2024,12.8,12.592592592592592
24089,2024,11.1,10.891925925925928
24089,2024,11.2,9.68008898776418
24089,2024,13.2,12.090444444444447
24089,2025,3.3,3.9459119496855344
24089,2025,2.0,1.5398888888888889
24089,2025,-0.4,-0.3597330367074527
24089,2025,-2.4,-2.528888888888889
24089,2025,-1.5,-1.615242323344432
24089,2025,1.6,0.9742962962962964
24089,2025,0.4,-0.4083333333333332
24089,2025,8.9,10.233333333333333
24089,2025,2.0,4.1000000000000005
24089,2025,5.5,6.889988876529476
24089,2025,7.8,7.07111111111111
24089,2025,8.3,8.552666666666667
24089,2025,7.4,7.966666666666665
24089,2025,5.9,3.9796811271783463
24089,2025,-1.6,-2.0340740740740744
24089,2025,-0.1,0.5
24089,2025,0.6,-0.2888888888888888
24089,2025,1.0,1.829851851851852
24089,2025,6.1,7.666666666666667
24089,2025,7.3,8.184888888888889
24089,2025,3.9,3.3304041527623283
24089,2025,10.5,12.966666666666663
24089,2025,9.4,8.966666666666667
24089,2025,5.9,6.546333333333334
24089,2025,7.2,7.4
24089,2025,6.3,5.012888888888888
24089,2025,1.1,0.7211851851851852
24089,2025,2.8,1.8718830928597856
24089,2025,3.0,1.3446792732665926
24089,2025,3.5,3.493333333333333
24089,2025,2.5,3.063111111111111
24089,2025,2.7,2.618165001849796
24089,2025,3.0,2.902335928809788
24089,2025,2.6,2.8321481481481485
24089,2025,4.4,3.349814814814815
24089,2025,6.2,7.049259259259259
24089,2025,9.2,8.132556418793932
24089,2025,8.9,7.7
24089,2025,7.6,7.283222222222223
24089,2025,7.8,7.849333333333332
24089,2025,4.5,3.666666666666667
24089,2025,4.7,4.129259259259259
24089,2025,3.3,3.6505185185185183
24089,2025,-0.8,-1.3654458009618942
24089,2025,1.0,-0.1347407407407407
24089,2025,2.1,2.0764444444444443
24089,2025,2.0,0.9962962962962962
24089,2025,4.4,5.272333333333333
24089,2025,6.3,5.3133333333333335
24089,2025,11.8,13.844074074074072
24089,2025,6.8,7.251242120875046
24089,2025,7.5,7.766666666666666
24089,2025,4.6,5.468296296296296
24089,2025,8.8,6.557555555555555
24089,2025,7.4,7.611271783463106
24089,2025,7.4,4.84
24089,2025,8.7,8.900850906400295
24089,2025,8.2,9.0
24089,2025,10.7,11.140555555555556
24089,2025,4.0,3.9253333333333336
24089,2025,7.1,7.356159822419533
24089,2025,7.2,8.304449388209122
24089,2025,7.7,6.87
24089,2025,9.4,9.31837037037037
24089,2025,7.4,8.000074074074075
24089,2025,8.3,7.013777777777777
24089,2025,5.7,5.6525185185185185
24089,2025,9.5,10.733333333333334
24089,2025,8.5,7.649333333333335
24089,2025,7.0,6.7641481481481485
24089,2025,8.1,7.444654088050315
24089,2025,13.0,12.949333333333335
24089,2025,12.5,12.18625925925926
24089,2025,12.2,12.413607712272896
24089,2025,11.3,10.386444444444445
24089,2025,8.3,8.266666666666667
24089,2025,3.1,2.807732149463559
24089,2025,7.9,8.646666666666668
24089,2025,11.1,10.09311111111111
24089,2025,7.2,7.91486837226548
24089,2025,9.4,7.565370370370371
24089,2025,7.8,7.671449758991472
24089,2025,8.7,7.622308546059934
24089,2025,8.3,7.777111111111111
24089,2025,8.0,8.402777777777779
24089,2025,12.3,12.053940066592675
24089,2025,10.0,9.94037037037037
24089,2025,11.1,10.729559748427672
24089,2025,10.1,11.399703703703704
24089,2025,13.5,10.653126156122829
25834,2024,1.9,4.57174638487208
25834,2024,4.1,6.443407407407406
25834,2024,6.4,6.769848316685165
25834,2024,4.9,7.781761006289308
25834,2024,4.8,7.178394376618572
25834,2024,4.9,6.283592592592592
25834,2024,1.5,4.446555555555556
25834,2024,5.2,4.711777777777778
25834,2024,9.2,7.800000000000001
25834,2024,7.2,6.735481481481482
25834,2024,2.3,3.530478309232481
25834,2024,0.7,0.491
25834,2024,1.9,3.2768888888888883
25834,2024,3.2,3.956592592592592
25834,2024,4.9,4.607407407407408
25834,2024,5.3,5.116222222222222
25834,2024,6.4,9.046681497960696
25834,2024,5.9,5.66311111111111
25834,2024,5.5,7.041065482796892
25834,2024,5.5,6.659111111111111
25834,2024,4.7,6.067592592592593
25834,2024,6.2,5.495111111111112
25834,2024,1.4,3.18
25834,2024,-0.2,-0.6999999999999997
25834,2024,-0.9,-0.6202222222222222
25834,2024,4.3,4.318666666666667
25834,2024,3.1,5.0669256381798
25834,2024,4.7,5.425601183869775
25834,2024,3.7,5.128444444444445
25834,2024,5.4,6.610344827586207
25834,2024,1.8,2.387777777777778
25834,2024,5.5,4.675138734739179
25834,2024,1.4,1.5446666666666666
25834,2024,2.5,3.9877777777777776
25834,2024,1.1,2.2938888888888886
25834,2024,0.4,1.237037037037037
25834,2024,3.9,2.9288468668891365
25834,2024,4.1,3.545185185185185
25834,2024,3.0,3.321616611049314
25834,2024,3.2,2.8308176100628932
25834,2024,3.5,4.801222222222222
25834,2024,3.9,4.167628560858306
25834,2024,3.9,4.79037037037037
25834,2024,4.9,4.234666666666667
25834,2024,6.8,9.56662958843159
25834,2024,6.8,8.343455691509083
25834,2024,8.5,8.642999999999999
25834,2024,7.6,6.767927326659251
25834,2024,7.5,6.991481481481481
25834,2024,7.2,7.432258064516131
25834,2024,9.3,10.768
25834,2024,6.9,7.368222222222224
25834,2024,3.1,4.493118756936736
25834,2024,1.9,3.283203847576766
25834,2024,7.3,6.937777777777777
25834,2024,0.6,0.9184278828327772
25834,2024,2.7,3.2942222222222215
25834,2024,8.9,9.219407407407408
25834,2024,12.4,13.55325925925926
25834,2024,6.9,6.562967073621902
25834,2024,4.5,5.066147571375602
25834,2024,3.2,3.9095622119815663
25834,2024,6.3,7.1663594470046075
25834,2024,6.6,6.10474074074074
25834,2024,8.6,9.255283648498333
25834,2024,9.8,9.261296296296296
25834,2024,12.6,11.076629629629627
25834,2024,14.1,12.744444444444444
25834,2024,6.3,5.881724010358861
25834,2024,4.5,6.0181280059193485
25834,2024,4.6,6.678197997775306
25834,2024,10.2,10.768888888888892
25834,2024,12.0,13.442148148148148
25834,2024,12.9,12.466666666666669
25834,2024,11.4,11.385836114200965
25834,2024,7.5,7.858074074074074
25834,2024,3.4,4.0092592592592595
25834,2024,1.8,2.6747777777777784
25834,2024,0.1,0.2737777777777778
25834,2024,5.2,6.216888888888889
25834,2024,1.9,3.136034036256012
25834,2024,-0.1,0.8279199110122358
25834,2024,0.8,1.976222222222222
25834,2024,1.1,3.795851851851851
25834,2024,1.1,2.9512592592592597
25834,2024,5.7,5.918074074074075
25834,2024,6.7,6.599999999999999
25834,2024,9.8,9.766666666666667
25834,2024,8.9,8.9
25834,2024,10.9,11.350871338524287
25834,2024,10.9,9.22888888888889
25834,2025,2.4,2.115111111111111
25834,2025,1.9,1.0882962962962963
25834,2025,1.1,0.5305555555555556
25834,2025,1.1,1.208
25834,2025,0.7,0.4001111111111111
25834,2025,1.2,0.776581576026637
25834,2025,1.1,0.993148148148148
25834,2025,5.1,5.1
25834,2025,1.8,1.7065555555555556
25834,2025,3.9,5.033333333333333
25834,2025,5.7,5.735296296296296
25834,2025,6.3,6.537106918238994
25834,2025,5.3,6.233333333333333
25834,2025,2.4,3.753333333333334
25834,2025,-1.3,-2.386407407407407
25834,2025,-0.3,-0.2723025583982202
25834,2025,2.4,2.76
25834,2025,0.1,0.7207777777777776
25834,2025,3.6,6.074703703703704
25834,2025,5.2,5.901037037037038
25834,2025,3.2,2.009259259259259
25834,2025,7.9,8.935999999999998
25834,2025,7.5,7.567444444444444
25834,2025,5.5,5.002002224694105
25834,2025,4.9,5.103555555555555
25834,2025,2.3,3.4991111111111115
25834,2025,1.0,0.3
25834,2025,1.0,2.9046718576195776
25834,2025,0.6,2.965926748057714
25834,2025,1.6,1.134037037037037
25834,2025,1.3,2.4
25834,2025,2.3,2.733555802743789
25834,2025,2.2,2.732556418793932
25834,2025,2.5,4.206
25834,2025,4.2,2.1342222222222222
25834,2025,6.6,6.710888888888889
25834,2025,8.3,8.900592592592593
25834,2025,5.4,5.097891231964484
25834,2025,5.0,4.107
25834,2025,5.1,5.535997040325564
25834,2025,2.2,2.1
25834,2025,2.6,2.8333333333333326
25834,2025,1.5,1.5061111111111112
25834,2025,-1.5,-2.487986651835373
25834,2025,-0.3,-0.3661846496106786
25834,2025,2.1,1.9108888888888884
25834,2025,2.9,2.351239363669996
25834,2025,4.7,3.141851851851852
25834,2025,8.6,7.008898776418242
25834,2025,8.9,9.2
25834,2025,3.5,4.4
25834,2025,4.8,4.789444444444444
25834,2025,3.5,3.9284074074074073
25834,2025,5.1,7.250259259259259
25834,2025,5.6,7.39288888888889
25834,2025,4.8,6.926918798665184
25834,2025,4.8,6.1614132445431
25834,2025,4.2,5.715982241953386
25834,2025,6.3,6.958592592592593
25834,2025,3.8,4.66237037037037
25834,2025,4.3,4.902851851851852
25834,2025,7.6,9.081481481481482
25834,2025,7.4,7.28157602663707
25834,2025,7.9,8.541509433962265
25834,2025,7.8,9.24942656307806
25834,2025,7.1,5.423074074074075
25834,2025,4.5,3.640148148148148
25834,2025,7.2,7.296518518518519
25834,2025,7.3,6.310666666666667
25834,2025,6.4,6.148518518518519
25834,2025,7.2,6.851333333333333
25834,2025,10.7,11.34095449500555
25834,2025,10.3,10.203851851851852
25834,2025,10.1,10.1
25834,2025,8.4,7.782684464219504
25834,2025,5.2,5.741555555555555
25834,2025,2.6,2.4506666666666663
25834,2025,8.8,8.438623751387349
25834,2025,8.0,7.142138364779874
25834,2025,5.0,4.913333333333334
25834,2025,7.8,7.813666666666666
25834,2025,8.3,9.276851851851852
25834,2025,6.0,7.7433073785687805
25834,2025,5.6,7.928666666666667
25834,2025,8.4,9.07219132369299
25834,2025,10.0,9.629555555555555
25834,2025,8.7,8.256655543196144
25834,2025,9.1,8.994289951798295
25834,2025,10.2,11.4889752127266
25834,2025,12.6,10.456210604375231
25655,2024,10.6,10.45
25655,2024,3.5,2.108
25655,2024,1.5,-1.4843159065628475
25655,2024,4.9,0.176
25655,2024,4.2,-0.8743333333333333
25655,2024,5.5,1.2888765294771969
25655,2024,6.4,2.9062360801781733
25655,2024,9.1,5.922518518518519
25655,2024,5.1,1.1553333333333335
25655,2024,9.7,5.6962222222222225
25655,2024,9.1,7.447851851851851
25655,2024,4.9,0.5017407407407407
25655,2024,7.9,6.743333333333333
25655,2024,3.7,-0.1
25655,2024,2.7,-0.3740000000000001
25655,2024,0.8,-2.4
25655,2024,6.7,5.224777777777778
25655,2024,5.4,2.498851851851852
25655,2024,7.3,4.2741851851851855
25655,2024,5.5,0.8000000000000002
25655,2024,7.6,4.808888888888888
25655,2024,3.8,-0.2585185185185185
25655,2024,8.7,7.840666666666666
25655,2024,4.6,4.066000739918609
25655,2024,4.9,2.026962962962963
25655,2024,4.2,1.0646296296296298
25655,2024,0.1,-3.698222222222223
25655,2024,7.3,0.6356640769515354
25655,2024,8.7,9.001038190582129
25655,2024,6.0,5.566851851851852
25655,2024,5.0,2.1004449388209125
25655,2024,6.4,3.0344432112467628
25655,2024,8.2,4.8597854236034035
25655,2024,5.9,2.002219755826859
25655,2024,7.1,3.833740740740741
25655,2024,8.9,4.100961894191639
25655,2024,8.0,2.5655555555555556
25655,2024,10.3,7.8037777777777775
25655,2024,9.1,4.542481481481481
25655,2024,8.1,4.77127581120944
25655,2024,8.5,4.8358888888888885
25655,2024,11.7,4.727771598071932
25655,2024,10.0,5.527333333333334
25655,2024,5.9,0.6733259341472437
25655,2024,2.3,-1.9702222222222223
25655,2024,8.0,7.766666666666667
25655,2024,1.9,3.5041111111111114
25655,2024,7.6,5.171333333333332
25655,2024,12.7,13.31904761904762
25655,2024,16.5,15.416629711751662
25655,2024,9.8,9.49667036625971
25655,2024,7.0,7.235072142064373
25655,2024,6.8,1.8088888888888888
25655,2024,9.5,10.225777777777775
25655,2024,7.8,4.13137037037037
25655,2024,11.0,7.87425925925926
25655,2024,8.6,6.193666666666666
25655,2024,10.6,8.180666666666665
25655,2024,12.4,8.093333333333334
25655,2024,8.8,8.144827586206896
25655,2024,7.5,7.511865035224323
25655,2024,7.1,3.05046347793845
25655,2024,9.0,4.122691879866518
25655,2024,12.3,6.341213466518683
25655,2024,13.1,6.524306326304107
25655,2024,12.6,6.985851851851851
25655,2024,10.7,9.82468588322247
25655,2024,6.7,5.800000000000001
25655,2024,5.5,1.9355555555555553
25655,2024,3.5,-1.3236296296296295
25655,2024,8.3,5.055974842767295
25655,2024,4.5,-0.882944876063633
25655,2024,3.6,1.38
25655,2024,4.6,1.1412874583795782
25655,2024,5.3,3.217184035476718
25655,2024,4.2,0.1638549759526452
25655,2024,8.7,8.4706340378198
25655,2024,10.1,9.982296296296296
25655,2024,12.4,12.317943026267113
25655,2024,10.1,9.9
25655,2024,12.6,9.42774074074074
25655,2024,12.9,9.73333333333333
25655,2025,2.8,0.7888518518518518
25655,2025,3.0,0.2322962962962963
25655,2025,0.3,-3.6016296296296297
25655,2025,0.7,-4.276555555555555
25655,2025,0.8,-3.623111111111112
25655,2025,0.2,-3.977222222222222
25655,2025,1.3,-2.1859629629629627
25655,2025,9.1,9.222086570477249
25655,2025,3.1,0.6308970099667774
25655,2025,6.8,6.104444444444444
25655,2025,8.5,8.161661104931405
25655,2025,8.2,8.592984409799554
25655,2025,7.3,6.541777777777778
25655,2025,6.0,3.5068366592756837
25655,2025,-1.7,-5.7394678492239475
25655,2025,1.4,-2.826637069922308
25655,2025,1.6,-2.34637037037037
25655,2025,2.6,-1.0897777777777775
25655,2025,6.1,7.244592592592593
25655,2025,7.5,7.5
25655,2025,4.9,0.9131705512393636
25655,2025,11.5,11.57
25655,2025,9.2,8.30599334073252
25655,2025,6.8,4.312592592592592
25655,2025,7.3,5.605845357010727
25655,2025,5.7,3.945925925925926
25655,2025,3.4,-1.8999999999999997
25655,2025,4.3,2.772222222222222
25655,2025,1.0,-2.382888888888889
25655,2025,3.1,-1.3682222222222218
25655,2025,2.5,-1.5051909529106415
25655,2025,2.8,-1.1
25655,2025,2.9,-1.5050314465408805
25655,2025,4.1,2.4492045874953754
25655,2025,5.7,1.7711111111111115
25655,2025,9.3,7.419089900110988
25655,2025,12.4,7.983851851851852
25655,2025,9.1,6.119472315124489
25655,2025,6.2,5.241259259259259
25655,2025,6.8,6.771111111111111
25655,2025,5.2,1.621851851851852
25655,2025,3.3,0.875925925925926
25655,2025,2.0,2.7374490174267705
25655,2025,0.1,-3.654555555555555
25655,2025,0.3,-3.979407407407407
25655,2025,2.5,-1.1483870967741936
25655,2025,2.4,-1.6071111111111112
25655,2025,5.8,3.9272592592592592
25655,2025,8.2,5.440037037037038
25655,2025,11.0,12.80677777777778
25655,2025,6.5,3.980444444444444
25655,2025,7.3,6.17362962962963
25655,2025,5.5,1.6504814814814814
25655,2025,8.3,4.473843877173511
25655,2025,7.5,2.9188728216536894
25655,2025,6.9,1.7318534961154275
25655,2025,8.4,8.107638116425658
25655,2025,8.1,7.869113830181684
25655,2025,10.5,6.502037037037038
25655,2025,4.3,0.0673333333333333
25655,2025,6.6,3.604444444444445
25655,2025,8.7,8.101075268817205
25655,2025,8.5,4.677185185185185
25655,2025,9.3,5.939333333333333
25655,2025,10.5,3.494222222222222
25655,2025,9.6,4.842592592592592
25655,2025,8.2,2.60697070819429
25655,2025,10.4,7.783703703703703
25655,2025,10.0,6.395005549389569
25655,2025,8.6,3.9
25655,2025,8.9,5.174814814814815
25844,2024,2.2,0.4844444444444445
25844,2024,7.0,7.133333333333333
25844,2024,2.2,1.2791111111111113
25844,2024,1.7,1.0482017055988135
25844,2024,0.3,0.4717777777777778
25844,2024,2.2,2.0166481275491286
25844,2024,1.2,-0.4526666666666666
25844,2024,5.0,4.343259259259259
25844,2024,12.4,12.107880133185349
25844,2024,10.5,11.139111111111111
25844,2024,2.7,2.743703703703704
25844,2024,0.8,-0.2861698183166482
25844,2024,3.4,3.2659999999999996
25844,2024,2.6,1.1785555555555556
25844,2024,4.0,3.2672222222222222
25844,2024,5.5,5.133704115684093
25844,2024,7.5,7.321431219873935
25844,2024,2.9,3.276937337782721
25844,2024,9.5,8.46511111111111
25844,2024,9.1,7.945061043285239
25844,2024,3.4,2.614370370370371
25844,2024,7.7,6.942565813867262
25844,2024,2.9,2.8422222222222215
25844,2024,2.4,0.7714814814814814
25844,2024,0.1,-0.0936666666666666
25844,2024,6.4,5.9612592592592595
25844,2024,4.4,3.953777777777778
25844,2024,6.8,5.986962962962962
25844,2024,4.7,3.219614386355209
25844,2024,7.2,6.430000000000001
25844,2024,2.2,1.6091851851851853
25844,2024,8.9,9.011431742508323
25844,2024,4.3,4.152962962962962
25844,2024,2.8,3.0656666666666665
25844,2024,3.3,2.7045555555555554
25844,2024,-0.8,-1.233037037037037
25844,2024,4.4,3.622296296296296
25844,2024,8.7,9.03225925925926
25844,2024,5.8,5.427777777777779
25844,2024,4.7,3.782666666666667
25844,2024,6.0,5.497333333333334
25844,2024,7.1,5.177765445800961
25844,2024,4.0,4.5383703703703695
25844,2024,5.5,5.333333333333334
25844,2024,7.4,5.818386977432483
25844,2024,6.6,4.7771735109138005
25844,2024,9.1,8.908674787744555
25844,2024,7.6,7.345851851851851
25844,2024,6.4,6.5981460882462
25844,2024,7.2,6.801481481481481
25844,2024,8.5,7.341805401405845
25844,2024,9.4,7.808111111111111
25844,2024,5.5,4.266666666666667
25844,2024,1.2,0.1913333333333333
25844,2024,7.6,7.558481481481481
25844,2024,2.3,3.5342582315945243
25844,2024,7.7,5.968740740740741
25844,2024,12.7,13.377551020408164
25844,2024,16.6,15.592074074074072
25844,2024,9.9,9.796374398816129
25844,2024,7.0,7.472407407407407
25844,2024,5.7,3.8232480533926583
25844,2024,9.1,10.384646688864226
25844,2024,7.1,6.054393770856507
25844,2024,8.8,8.356111111111112
25844,2024,7.2,8.413170551239364
25844,2024,9.8,9.259193488716242
25844,2024,10.2,9.3260081391047
25844,2024,9.0,8.2146829810901
25844,2024,7.5,7.3291527931927485
25844,2024,6.4,5.193888888888889
25844,2024,6.9,5.957111111111111
25844,2024,9.5,9.012
25844,2024,10.2,9.510136884942655
25844,2024,9.8,9.368333333333334
25844,2024,10.9,9.894370370370371
25844,2024,6.8,5.954000000000001
25844,2024,5.3,4.6060740740740735
25844,2024,2.3,2.198888888888889
25844,2024,8.1,7.740266963292547
25844,2024,4.0,1.1267704857248797
25844,2024,3.4,2.3389321468298108
25844,2024,4.4,2.733333333333333
25844,2024,5.3,4.472992970773215
25844,2024,3.8,1.9042222222222216
25844,2024,8.6,8.845703703703704
25844,2024,10.0,10.033333333333331
25844,2024,12.3,12.36355209492028
25844,2024,9.6,10.033333333333337
25844,2024,10.8,9.262962962962964
25844,2024,12.6,10.466666666666669
25844,2025,2.3,2.6162042175360707
25844,2025,1.6,1.1308490915832403
25844,2025,-0.7,-2.271259259259259
25844,2025,-1.0,-2.355185185185185
25844,2025,-0.5,-1.752660753880266
25844,2025,-1.1,-2.5361481481481483
25844,2025,-0.5,-0.7696263411024787
25844,2025,9.0,8.712259259259259
25844,2025,2.1,2.3515555555555556
25844,2025,5.9,6.3
25844,2025,8.6,8.596892341842397
25844,2025,8.0,8.415555555555557
25844,2025,6.2,7.183074074074074
25844,2025,4.8,4.101111111111111
25844,2025,-2.0,-3.867259259259259
25844,2025,-0.2,-1.6167593622543566
25844,2025,0.7,-0.7180910099889013
25844,2025,1.9,0.4638116425658137
25844,2025,5.9,7.59666295884316
25844,2025,7.0,7.782276603633668
25844,2025,3.4,2.894666666666667
25844,2025,11.4,11.74860956618465
25844,2025,8.8,8.51722222222222
25844,2025,5.8,5.396222222222223
25844,2025,6.7,7.12146829810901
25844,2025,5.8,4.665111111111111
25844,2025,1.2,-0.3004814814814814
25844,2025,2.4,3.2099259259259263
25844,2025,0.1,-0.8729929707732147
25844,2025,0.5,-0.0885185185185185
25844,2025,1.1,0.8005190952910641
25844,2025,1.2,0.9714868372265482
25844,2025,1.4,0.9028148148148148
25844,2025,2.3,2.987828338882723
25844,2025,3.5,4.184888888888889
25844,2025,9.4,8.773037037037035
25844,2025,12.1,10.663374028856824
25844,2025,9.1,7.244839067702552
25844,2025,5.4,5.477555555555556
25844,2025,6.7,7.133333333333333
25844,2025,5.1,3.1412680756395996
25844,2025,3.1,2.912222222222222
25844,2025,2.2,2.8623703703703707
25844,2025,-0.8,-2.5288148148148144
25844,2025,-0.6,-0.4407407407407408
25844,2025,1.3,2.1333333333333333
25844,2025,1.7,2.144284128745838
25844,2025,3.8,4.660666666666667
25844,2025,6.1,7.157842046718576
25844,2025,11.1,12.071968854282536
25844,2025,5.5,4.05826859045505
25844,2025,7.1,6.227703703703703
25844,2025,4.5,3.519555555555556
25844,2025,7.1,5.971851851851852
25844,2025,7.5,6.146792732665926
25844,2025,4.9,4.601186503522432
25844,2025,8.3,7.080978865406007
25844,2025,8.5,7.24088888888889
25844,2025,10.4,8.8
25844,2025,3.3,3.399444444444445
25844,2025,5.4,4.973510913799482
25844,2025,8.2,8.873333333333335
25844,2025,7.2,7.413111111111112
25844,2025,8.1,8.05086940436552
25844,2025,8.0,6.172333333333333
25844,2025,8.8,9.355555555555554
25844,2025,7.5,5.451464590285504
25844,2025,9.7,8.25135035146134
25844,2025,9.2,8.355851851851853
25844,2025,7.3,7.0618888888888875
25844,2025,8.1,8.037931034482758
25844,2025,12.7,12.300000000000002
25844,2025,11.8,11.199999999999998
25844,2025,11.5,11.579124953652208
25844,2025,11.2,9.541851851851852
25844,2025,7.6,6.254333333333333
25844,2025,3.2,3.0406296296296302
25844,2025,8.3,8.531002589715131
25844,2025,10.8,10.18474074074074
25844,2025,7.6,5.727555555555554
25844,2025,8.7,7.352
25844,2025,8.1,8.285386607473178
25844,2025,8.8,6.821420643729189
25844,2025,9.6,7.310752688172043
25844,2025,8.2,6.743111111111112
25844,2025,11.7,10.878407407407408
25844,2025,8.4,8.373140954495005
25844,2025,9.0,8.821703703703704
25844,2025,9.0,8.920444444444446
25844,2025,13.5,9.78359259259259
